srSubregion,GSiteID,SurveyID,TransectID,LocalBlock,SurveyDate,SiteName,Subregion,tax,ind,Year,medYear,time
23,1,1,1,1,2005-03-08T00:00:00Z,Carrickalinga South Bay,4,Fish,38,2005,2016,-11
2,1,1,1,1,2005-03-08T00:00:00Z,Carrickalinga South Bay,4,Invert,2,2005,2016,-11
24,1,1,2,1,2005-03-08T00:00:00Z,Carrickalinga South Bay,4,Fish,51,2005,2016,-11
2,1,1,2,1,2005-03-08T00:00:00Z,Carrickalinga South Bay,4,Invert,2,2005,2016,-11
21,1,1,3,1,2005-03-08T00:00:00Z,Carrickalinga South Bay,4,Fish,27,2005,2016,-11
7,1,1,3,1,2005-03-08T00:00:00Z,Carrickalinga South Bay,4,Invert,7,2005,2016,-11
17,1,1,4,1,2005-03-08T00:00:00Z,Carrickalinga South Bay,4,Fish,39,2005,2016,-11
5,1,1,4,1,2005-03-08T00:00:00Z,Carrickalinga South Bay,4,Invert,5,2005,2016,-11
17,1,2,5,1,2006-02-23T00:00:00Z,Carrickalinga South Bay,4,Fish,31,2006,2016,-10
5,1,2,5,1,2006-02-23T00:00:00Z,Carrickalinga South Bay,4,Invert,5,2006,2016,-10
13,1,2,6,1,2006-02-23T00:00:00Z,Carrickalinga South Bay,4,Fish,22,2006,2016,-10
10,1,2,6,1,2006-02-23T00:00:00Z,Carrickalinga South Bay,4,Invert,10,2006,2016,-10
12,1,2,7,1,2006-02-23T00:00:00Z,Carrickalinga South Bay,4,Fish,17,2006,2016,-10
7,1,2,7,1,2006-02-23T00:00:00Z,Carrickalinga South Bay,4,Invert,7,2006,2016,-10
24,1,2,8,1,2006-02-23T00:00:00Z,Carrickalinga South Bay,4,Fish,52,2006,2016,-10
6,1,2,8,1,2006-02-23T00:00:00Z,Carrickalinga South Bay,4,Invert,6,2006,2016,-10
21,1,3,9,1,2007-03-01T00:00:00Z,Carrickalinga South Bay,4,Fish,31,2007,2016,-9
3,1,3,9,1,2007-03-01T00:00:00Z,Carrickalinga South Bay,4,Invert,3,2007,2016,-9
27,1,3,10,1,2007-03-01T00:00:00Z,Carrickalinga South Bay,4,Fish,38,2007,2016,-9
3,1,3,10,1,2007-03-01T00:00:00Z,Carrickalinga South Bay,4,Invert,3,2007,2016,-9
21,1,3,11,1,2007-03-01T00:00:00Z,Carrickalinga South Bay,4,Fish,30,2007,2016,-9
6,1,3,11,1,2007-03-01T00:00:00Z,Carrickalinga South Bay,4,Invert,6,2007,2016,-9
24,1,3,12,1,2007-03-01T00:00:00Z,Carrickalinga South Bay,4,Fish,38,2007,2016,-9
6,1,3,12,1,2007-03-01T00:00:00Z,Carrickalinga South Bay,4,Invert,7,2007,2016,-9
18,1,4,13,1,2008-02-05T00:00:00Z,Carrickalinga South Bay,4,Fish,31,2008,2016,-8
5,1,4,13,1,2008-02-05T00:00:00Z,Carrickalinga South Bay,4,Invert,5,2008,2016,-8
17,1,4,14,1,2008-02-05T00:00:00Z,Carrickalinga South Bay,4,Fish,34,2008,2016,-8
3,1,4,14,1,2008-02-05T00:00:00Z,Carrickalinga South Bay,4,Invert,3,2008,2016,-8
18,1,4,15,1,2008-02-05T00:00:00Z,Carrickalinga South Bay,4,Fish,26,2008,2016,-8
2,1,4,15,1,2008-02-05T00:00:00Z,Carrickalinga South Bay,4,Invert,2,2008,2016,-8
9,1,5,16,1,2012-11-23T00:00:00Z,Carrickalinga South Bay,4,Fish,12,2012,2016,-4
5,1,5,16,1,2012-11-23T00:00:00Z,Carrickalinga South Bay,4,Invert,5,2012,2016,-4
19,1,5,17,1,2012-11-23T00:00:00Z,Carrickalinga South Bay,4,Fish,27,2012,2016,-4
5,1,5,17,1,2012-11-23T00:00:00Z,Carrickalinga South Bay,4,Invert,5,2012,2016,-4
11,1,5,18,1,2012-11-23T00:00:00Z,Carrickalinga South Bay,4,Fish,19,2012,2016,-4
6,1,5,18,1,2012-11-23T00:00:00Z,Carrickalinga South Bay,4,Invert,6,2012,2016,-4
17,1,5,19,1,2012-11-23T00:00:00Z,Carrickalinga South Bay,4,Fish,32,2012,2016,-4
8,1,5,19,1,2012-11-23T00:00:00Z,Carrickalinga South Bay,4,Invert,8,2012,2016,-4
12,1,6,20,1,2013-04-12T00:00:00Z,Carrickalinga South Bay,4,Fish,19,2013,2016,-3
7,1,6,20,1,2013-04-12T00:00:00Z,Carrickalinga South Bay,4,Invert,7,2013,2016,-3
17,1,6,21,1,2013-04-12T00:00:00Z,Carrickalinga South Bay,4,Fish,33,2013,2016,-3
2,1,6,21,1,2013-04-12T00:00:00Z,Carrickalinga South Bay,4,Invert,2,2013,2016,-3
21,1,6,22,1,2013-04-12T00:00:00Z,Carrickalinga South Bay,4,Fish,48,2013,2016,-3
5,1,6,22,1,2013-04-12T00:00:00Z,Carrickalinga South Bay,4,Invert,5,2013,2016,-3
19,1,6,23,1,2013-04-12T00:00:00Z,Carrickalinga South Bay,4,Fish,36,2013,2016,-3
6,1,6,23,1,2013-04-12T00:00:00Z,Carrickalinga South Bay,4,Invert,6,2013,2016,-3
14,1,7,24,1,2014-01-21T00:00:00Z,Carrickalinga South Bay,4,Fish,26,2014,2016,-2
6,1,7,24,1,2014-01-21T00:00:00Z,Carrickalinga South Bay,4,Invert,6,2014,2016,-2
16,1,7,25,1,2014-01-21T00:00:00Z,Carrickalinga South Bay,4,Fish,30,2014,2016,-2
2,1,7,25,1,2014-01-21T00:00:00Z,Carrickalinga South Bay,4,Invert,2,2014,2016,-2
20,1,8,26,1,2016-02-09T00:00:00Z,Carrickalinga South Bay,4,Fish,30,2016,2016,0
5,1,8,26,1,2016-02-09T00:00:00Z,Carrickalinga South Bay,4,Invert,5,2016,2016,0
16,1,8,27,1,2016-02-09T00:00:00Z,Carrickalinga South Bay,4,Fish,24,2016,2016,0
4,1,8,27,1,2016-02-09T00:00:00Z,Carrickalinga South Bay,4,Invert,4,2016,2016,0
18,1,8,28,1,2016-02-09T00:00:00Z,Carrickalinga South Bay,4,Fish,37,2016,2016,0
6,1,8,28,1,2016-02-09T00:00:00Z,Carrickalinga South Bay,4,Invert,6,2016,2016,0
15,1,8,29,1,2016-02-09T00:00:00Z,Carrickalinga South Bay,4,Fish,24,2016,2016,0
5,1,8,29,1,2016-02-09T00:00:00Z,Carrickalinga South Bay,4,Invert,5,2016,2016,0
14,1,9,30,1,2017-03-07T00:00:00Z,Carrickalinga South Bay,4,Fish,21,2017,2016,1
2,1,9,30,1,2017-03-07T00:00:00Z,Carrickalinga South Bay,4,Invert,2,2017,2016,1
22,1,9,31,1,2017-03-07T00:00:00Z,Carrickalinga South Bay,4,Fish,38,2017,2016,1
2,1,9,31,1,2017-03-07T00:00:00Z,Carrickalinga South Bay,4,Invert,2,2017,2016,1
18,1,9,32,1,2017-03-07T00:00:00Z,Carrickalinga South Bay,4,Fish,38,2017,2016,1
4,1,9,32,1,2017-03-07T00:00:00Z,Carrickalinga South Bay,4,Invert,4,2017,2016,1
13,1,9,33,1,2017-03-07T00:00:00Z,Carrickalinga South Bay,4,Fish,23,2017,2016,1
3,1,9,33,1,2017-03-07T00:00:00Z,Carrickalinga South Bay,4,Invert,3,2017,2016,1
15,1,10,34,1,2018-03-07T00:00:00Z,Carrickalinga South Bay,4,Fish,25,2018,2016,2
7,1,10,34,1,2018-03-07T00:00:00Z,Carrickalinga South Bay,4,Invert,7,2018,2016,2
18,1,10,35,1,2018-03-07T00:00:00Z,Carrickalinga South Bay,4,Fish,28,2018,2016,2
4,1,10,35,1,2018-03-07T00:00:00Z,Carrickalinga South Bay,4,Invert,4,2018,2016,2
19,1,10,36,1,2018-03-07T00:00:00Z,Carrickalinga South Bay,4,Fish,47,2018,2016,2
2,1,10,36,1,2018-03-07T00:00:00Z,Carrickalinga South Bay,4,Invert,2,2018,2016,2
16,1,10,37,1,2018-03-07T00:00:00Z,Carrickalinga South Bay,4,Fish,29,2018,2016,2
3,1,10,37,1,2018-03-07T00:00:00Z,Carrickalinga South Bay,4,Invert,3,2018,2016,2
22,3,18,61,1,2005-03-08T00:00:00Z,Carrickalinga Head,4,Fish,48,2005,2016,-11
5,3,18,61,1,2005-03-08T00:00:00Z,Carrickalinga Head,4,Invert,5,2005,2016,-11
18,3,18,62,1,2005-03-08T00:00:00Z,Carrickalinga Head,4,Fish,39,2005,2016,-11
5,3,18,62,1,2005-03-08T00:00:00Z,Carrickalinga Head,4,Invert,5,2005,2016,-11
20,3,18,63,1,2005-03-08T00:00:00Z,Carrickalinga Head,4,Fish,36,2005,2016,-11
6,3,18,63,1,2005-03-08T00:00:00Z,Carrickalinga Head,4,Invert,6,2005,2016,-11
25,3,18,64,1,2005-03-08T00:00:00Z,Carrickalinga Head,4,Fish,50,2005,2016,-11
7,3,18,64,1,2005-03-08T00:00:00Z,Carrickalinga Head,4,Invert,7,2005,2016,-11
22,3,19,65,1,2006-03-20T00:00:00Z,Carrickalinga Head,4,Fish,55,2006,2016,-10
9,3,19,65,1,2006-03-20T00:00:00Z,Carrickalinga Head,4,Invert,9,2006,2016,-10
21,3,19,66,1,2006-03-20T00:00:00Z,Carrickalinga Head,4,Fish,55,2006,2016,-10
7,3,19,66,1,2006-03-20T00:00:00Z,Carrickalinga Head,4,Invert,7,2006,2016,-10
24,3,19,67,1,2006-03-20T00:00:00Z,Carrickalinga Head,4,Fish,61,2006,2016,-10
9,3,19,67,1,2006-03-20T00:00:00Z,Carrickalinga Head,4,Invert,9,2006,2016,-10
27,3,19,68,1,2006-03-20T00:00:00Z,Carrickalinga Head,4,Fish,63,2006,2016,-10
7,3,19,68,1,2006-03-20T00:00:00Z,Carrickalinga Head,4,Invert,7,2006,2016,-10
19,3,20,69,1,2007-02-22T00:00:00Z,Carrickalinga Head,4,Fish,38,2007,2016,-9
12,3,20,69,1,2007-02-22T00:00:00Z,Carrickalinga Head,4,Invert,13,2007,2016,-9
19,3,20,70,1,2007-02-22T00:00:00Z,Carrickalinga Head,4,Fish,53,2007,2016,-9
9,3,20,70,1,2007-02-22T00:00:00Z,Carrickalinga Head,4,Invert,9,2007,2016,-9
23,3,20,71,1,2007-02-22T00:00:00Z,Carrickalinga Head,4,Fish,43,2007,2016,-9
6,3,20,71,1,2007-02-22T00:00:00Z,Carrickalinga Head,4,Invert,6,2007,2016,-9
22,3,20,72,1,2007-02-22T00:00:00Z,Carrickalinga Head,4,Fish,40,2007,2016,-9
4,3,20,72,1,2007-02-22T00:00:00Z,Carrickalinga Head,4,Invert,4,2007,2016,-9
11,3,21,73,1,2018-05-16T00:00:00Z,Carrickalinga Head,4,Fish,27,2018,2016,2
8,3,21,73,1,2018-05-16T00:00:00Z,Carrickalinga Head,4,Invert,8,2018,2016,2
12,3,21,74,1,2018-05-16T00:00:00Z,Carrickalinga Head,4,Fish,22,2018,2016,2
7,3,21,74,1,2018-05-16T00:00:00Z,Carrickalinga Head,4,Invert,7,2018,2016,2
9,3,21,75,1,2018-05-16T00:00:00Z,Carrickalinga Head,4,Fish,20,2018,2016,2
5,3,21,75,1,2018-05-16T00:00:00Z,Carrickalinga Head,4,Invert,5,2018,2016,2
5,3,21,76,1,2018-05-16T00:00:00Z,Carrickalinga Head,4,Fish,7,2018,2016,2
3,3,21,76,1,2018-05-16T00:00:00Z,Carrickalinga Head,4,Invert,3,2018,2016,2
4,3,144,564,1,2012-02-06T00:00:00Z,Carrickalinga Head,4,Fish,4,2012,2016,-4
3,3,144,564,1,2012-02-06T00:00:00Z,Carrickalinga Head,4,Invert,3,2012,2016,-4
7,3,144,565,1,2012-02-06T00:00:00Z,Carrickalinga Head,4,Fish,13,2012,2016,-4
8,3,144,565,1,2012-02-06T00:00:00Z,Carrickalinga Head,4,Invert,8,2012,2016,-4
10,3,144,566,1,2012-02-06T00:00:00Z,Carrickalinga Head,4,Fish,18,2012,2016,-4
9,3,144,566,1,2012-02-06T00:00:00Z,Carrickalinga Head,4,Invert,9,2012,2016,-4
6,3,144,567,1,2012-02-06T00:00:00Z,Carrickalinga Head,4,Fish,13,2012,2016,-4
6,3,144,567,1,2012-02-06T00:00:00Z,Carrickalinga Head,4,Invert,6,2012,2016,-4
18,3,151,588,1,2017-03-26T00:00:00Z,Carrickalinga Head,4,Fish,46,2017,2016,1
6,3,151,588,1,2017-03-26T00:00:00Z,Carrickalinga Head,4,Invert,6,2017,2016,1
18,3,151,589,1,2017-03-26T00:00:00Z,Carrickalinga Head,4,Fish,33,2017,2016,1
6,3,151,589,1,2017-03-26T00:00:00Z,Carrickalinga Head,4,Invert,6,2017,2016,1
18,3,151,590,1,2017-03-26T00:00:00Z,Carrickalinga Head,4,Fish,36,2017,2016,1
9,3,151,590,1,2017-03-26T00:00:00Z,Carrickalinga Head,4,Invert,10,2017,2016,1
10,3,151,591,1,2017-03-26T00:00:00Z,Carrickalinga Head,4,Fish,14,2017,2016,1
4,3,151,591,1,2017-03-26T00:00:00Z,Carrickalinga Head,4,Invert,4,2017,2016,1
17,9,53,200,1,2005-03-11T00:00:00Z,Dodd's Beach,4,Fish,35,2005,2016,-11
4,9,53,200,1,2005-03-11T00:00:00Z,Dodd's Beach,4,Invert,4,2005,2016,-11
18,9,53,201,1,2005-03-11T00:00:00Z,Dodd's Beach,4,Fish,33,2005,2016,-11
3,9,53,201,1,2005-03-11T00:00:00Z,Dodd's Beach,4,Invert,3,2005,2016,-11
14,9,53,202,1,2005-03-11T00:00:00Z,Dodd's Beach,4,Fish,26,2005,2016,-11
6,9,53,202,1,2005-03-11T00:00:00Z,Dodd's Beach,4,Invert,6,2005,2016,-11
28,9,53,203,1,2005-03-11T00:00:00Z,Dodd's Beach,4,Fish,52,2005,2016,-11
7,9,53,203,1,2005-03-11T00:00:00Z,Dodd's Beach,4,Invert,9,2005,2016,-11
6,9,54,204,1,2006-02-27T00:00:00Z,Dodd's Beach,4,Fish,10,2006,2016,-10
7,9,54,204,1,2006-02-27T00:00:00Z,Dodd's Beach,4,Invert,7,2006,2016,-10
8,9,54,205,1,2006-02-27T00:00:00Z,Dodd's Beach,4,Fish,19,2006,2016,-10
6,9,54,205,1,2006-02-27T00:00:00Z,Dodd's Beach,4,Invert,6,2006,2016,-10
13,9,54,206,1,2006-02-27T00:00:00Z,Dodd's Beach,4,Fish,20,2006,2016,-10
4,9,54,206,1,2006-02-27T00:00:00Z,Dodd's Beach,4,Invert,4,2006,2016,-10
17,9,54,207,1,2006-02-27T00:00:00Z,Dodd's Beach,4,Fish,26,2006,2016,-10
3,9,54,207,1,2006-02-27T00:00:00Z,Dodd's Beach,4,Invert,3,2006,2016,-10
10,9,55,208,1,2007-02-25T00:00:00Z,Dodd's Beach,4,Fish,18,2007,2016,-9
7,9,55,208,1,2007-02-25T00:00:00Z,Dodd's Beach,4,Invert,7,2007,2016,-9
13,9,55,209,1,2007-02-25T00:00:00Z,Dodd's Beach,4,Fish,22,2007,2016,-9
5,9,55,209,1,2007-02-25T00:00:00Z,Dodd's Beach,4,Invert,5,2007,2016,-9
15,9,55,210,1,2007-02-25T00:00:00Z,Dodd's Beach,4,Fish,21,2007,2016,-9
7,9,55,210,1,2007-02-25T00:00:00Z,Dodd's Beach,4,Invert,7,2007,2016,-9
17,9,55,211,1,2007-02-25T00:00:00Z,Dodd's Beach,4,Fish,26,2007,2016,-9
3,9,55,211,1,2007-02-25T00:00:00Z,Dodd's Beach,4,Invert,3,2007,2016,-9
6,9,56,212,1,2012-02-10T00:00:00Z,Dodd's Beach,4,Fish,11,2012,2016,-4
5,9,56,212,1,2012-02-10T00:00:00Z,Dodd's Beach,4,Invert,5,2012,2016,-4
9,9,56,213,1,2012-02-10T00:00:00Z,Dodd's Beach,4,Fish,11,2012,2016,-4
7,9,56,213,1,2012-02-10T00:00:00Z,Dodd's Beach,4,Invert,7,2012,2016,-4
9,9,56,214,1,2012-02-10T00:00:00Z,Dodd's Beach,4,Fish,15,2012,2016,-4
10,9,56,214,1,2012-02-10T00:00:00Z,Dodd's Beach,4,Invert,10,2012,2016,-4
16,9,56,215,1,2012-02-10T00:00:00Z,Dodd's Beach,4,Fish,21,2012,2016,-4
9,9,56,215,1,2012-02-10T00:00:00Z,Dodd's Beach,4,Invert,9,2012,2016,-4
16,9,57,216,1,2016-02-09T00:00:00Z,Dodd's Beach,4,Fish,25,2016,2016,0
3,9,57,216,1,2016-02-09T00:00:00Z,Dodd's Beach,4,Invert,3,2016,2016,0
23,9,57,217,1,2016-02-09T00:00:00Z,Dodd's Beach,4,Fish,40,2016,2016,0
6,9,57,217,1,2016-02-09T00:00:00Z,Dodd's Beach,4,Invert,6,2016,2016,0
8,9,57,218,1,2016-02-09T00:00:00Z,Dodd's Beach,4,Fish,14,2016,2016,0
6,9,57,218,1,2016-02-09T00:00:00Z,Dodd's Beach,4,Invert,6,2016,2016,0
13,9,57,219,1,2016-02-09T00:00:00Z,Dodd's Beach,4,Fish,22,2016,2016,0
8,9,57,219,1,2016-02-09T00:00:00Z,Dodd's Beach,4,Invert,8,2016,2016,0
13,9,58,220,1,2017-04-04T00:00:00Z,Dodd's Beach,4,Fish,27,2017,2016,1
7,9,58,220,1,2017-04-04T00:00:00Z,Dodd's Beach,4,Invert,7,2017,2016,1
21,9,58,221,1,2017-04-04T00:00:00Z,Dodd's Beach,4,Fish,34,2017,2016,1
3,9,58,221,1,2017-04-04T00:00:00Z,Dodd's Beach,4,Invert,3,2017,2016,1
16,9,58,222,1,2017-04-04T00:00:00Z,Dodd's Beach,4,Fish,31,2017,2016,1
6,9,58,222,1,2017-04-04T00:00:00Z,Dodd's Beach,4,Invert,6,2017,2016,1
12,9,58,223,1,2017-04-04T00:00:00Z,Dodd's Beach,4,Fish,20,2017,2016,1
8,9,58,223,1,2017-04-04T00:00:00Z,Dodd's Beach,4,Invert,8,2017,2016,1
20,9,59,224,1,2018-03-07T00:00:00Z,Dodd's Beach,4,Fish,36,2018,2016,2
5,9,59,224,1,2018-03-07T00:00:00Z,Dodd's Beach,4,Invert,5,2018,2016,2
16,9,59,225,1,2018-03-07T00:00:00Z,Dodd's Beach,4,Fish,30,2018,2016,2
9,9,59,225,1,2018-03-07T00:00:00Z,Dodd's Beach,4,Invert,9,2018,2016,2
11,9,59,226,1,2018-03-07T00:00:00Z,Dodd's Beach,4,Fish,19,2018,2016,2
1,9,59,226,1,2018-03-07T00:00:00Z,Dodd's Beach,4,Invert,1,2018,2016,2
16,9,59,227,1,2018-03-07T00:00:00Z,Dodd's Beach,4,Fish,37,2018,2016,2
5,9,59,227,1,2018-03-07T00:00:00Z,Dodd's Beach,4,Invert,5,2018,2016,2
6,11,64,244,1,2005-03-12T00:00:00Z,Outside Granite Island,7,Fish,12,2005,2016,-11
7,11,64,244,1,2005-03-12T00:00:00Z,Outside Granite Island,7,Invert,11,2005,2016,-11
9,11,64,245,1,2005-03-12T00:00:00Z,Outside Granite Island,7,Fish,17,2005,2016,-11
11,11,64,245,1,2005-03-12T00:00:00Z,Outside Granite Island,7,Invert,15,2005,2016,-11
10,11,64,246,1,2005-03-12T00:00:00Z,Outside Granite Island,7,Fish,22,2005,2016,-11
12,11,64,246,1,2005-03-12T00:00:00Z,Outside Granite Island,7,Invert,16,2005,2016,-11
12,11,64,247,1,2005-03-12T00:00:00Z,Outside Granite Island,7,Fish,19,2005,2016,-11
9,11,64,247,1,2005-03-12T00:00:00Z,Outside Granite Island,7,Invert,15,2005,2016,-11
4,11,65,248,1,2006-02-24T00:00:00Z,Outside Granite Island,7,Fish,10,2006,2016,-10
7,11,65,248,1,2006-02-24T00:00:00Z,Outside Granite Island,7,Invert,7,2006,2016,-10
7,11,65,249,1,2006-02-24T00:00:00Z,Outside Granite Island,7,Fish,16,2006,2016,-10
8,11,65,249,1,2006-02-24T00:00:00Z,Outside Granite Island,7,Invert,8,2006,2016,-10
12,11,65,250,1,2006-02-24T00:00:00Z,Outside Granite Island,7,Fish,22,2006,2016,-10
11,11,65,250,1,2006-02-24T00:00:00Z,Outside Granite Island,7,Invert,11,2006,2016,-10
9,11,65,251,1,2006-02-24T00:00:00Z,Outside Granite Island,7,Fish,19,2006,2016,-10
4,11,65,251,1,2006-02-24T00:00:00Z,Outside Granite Island,7,Invert,4,2006,2016,-10
6,11,66,252,1,2007-04-10T00:00:00Z,Outside Granite Island,7,Fish,14,2007,2016,-9
9,11,66,252,1,2007-04-10T00:00:00Z,Outside Granite Island,7,Invert,13,2007,2016,-9
8,11,66,253,1,2007-04-10T00:00:00Z,Outside Granite Island,7,Fish,20,2007,2016,-9
12,11,66,253,1,2007-04-10T00:00:00Z,Outside Granite Island,7,Invert,13,2007,2016,-9
5,11,66,254,1,2007-04-10T00:00:00Z,Outside Granite Island,7,Fish,8,2007,2016,-9
8,11,66,254,1,2007-04-10T00:00:00Z,Outside Granite Island,7,Invert,10,2007,2016,-9
6,11,66,255,1,2007-04-10T00:00:00Z,Outside Granite Island,7,Fish,12,2007,2016,-9
10,11,66,255,1,2007-04-10T00:00:00Z,Outside Granite Island,7,Invert,12,2007,2016,-9
5,11,67,256,1,2007-09-24T00:00:00Z,Outside Granite Island,7,Fish,13,2007,2016,-9
6,11,67,256,1,2007-09-24T00:00:00Z,Outside Granite Island,7,Invert,6,2007,2016,-9
7,11,67,257,1,2007-09-24T00:00:00Z,Outside Granite Island,7,Fish,15,2007,2016,-9
7,11,67,257,1,2007-09-24T00:00:00Z,Outside Granite Island,7,Invert,7,2007,2016,-9
10,11,67,258,1,2007-09-24T00:00:00Z,Outside Granite Island,7,Fish,24,2007,2016,-9
9,11,67,258,1,2007-09-24T00:00:00Z,Outside Granite Island,7,Invert,9,2007,2016,-9
9,11,67,259,1,2007-09-24T00:00:00Z,Outside Granite Island,7,Fish,16,2007,2016,-9
13,11,67,259,1,2007-09-24T00:00:00Z,Outside Granite Island,7,Invert,13,2007,2016,-9
5,11,68,260,1,2017-04-14T00:00:00Z,Outside Granite Island,7,Fish,14,2017,2016,1
11,11,68,260,1,2017-04-14T00:00:00Z,Outside Granite Island,7,Invert,12,2017,2016,1
6,11,68,261,1,2017-04-14T00:00:00Z,Outside Granite Island,7,Fish,12,2017,2016,1
8,11,68,261,1,2017-04-14T00:00:00Z,Outside Granite Island,7,Invert,8,2017,2016,1
10,11,68,262,1,2017-04-14T00:00:00Z,Outside Granite Island,7,Fish,29,2017,2016,1
10,11,68,262,1,2017-04-14T00:00:00Z,Outside Granite Island,7,Invert,15,2017,2016,1
8,11,68,263,1,2017-04-14T00:00:00Z,Outside Granite Island,7,Fish,24,2017,2016,1
12,11,68,263,1,2017-04-14T00:00:00Z,Outside Granite Island,7,Invert,13,2017,2016,1
6,11,495,1850,1,2018-01-27T00:00:00Z,Outside Granite Island,7,Fish,13,2018,2016,2
10,11,495,1850,1,2018-01-27T00:00:00Z,Outside Granite Island,7,Invert,10,2018,2016,2
4,11,495,1851,1,2018-01-27T00:00:00Z,Outside Granite Island,7,Fish,9,2018,2016,2
7,11,495,1851,1,2018-01-27T00:00:00Z,Outside Granite Island,7,Invert,8,2018,2016,2
8,11,495,1852,1,2018-01-27T00:00:00Z,Outside Granite Island,7,Fish,15,2018,2016,2
10,11,495,1852,1,2018-01-27T00:00:00Z,Outside Granite Island,7,Invert,10,2018,2016,2
5,11,495,1853,1,2018-01-27T00:00:00Z,Outside Granite Island,7,Fish,11,2018,2016,2
8,11,495,1853,1,2018-01-27T00:00:00Z,Outside Granite Island,7,Invert,9,2018,2016,2
14,12,69,264,1,2005-03-12T00:00:00Z,West Island Outer,6,Fish,24,2005,2016,-11
6,12,69,264,1,2005-03-12T00:00:00Z,West Island Outer,6,Invert,6,2005,2016,-11
11,12,69,265,1,2005-03-12T00:00:00Z,West Island Outer,6,Fish,24,2005,2016,-11
6,12,69,265,1,2005-03-12T00:00:00Z,West Island Outer,6,Invert,6,2005,2016,-11
6,12,69,266,1,2005-03-12T00:00:00Z,West Island Outer,6,Fish,17,2005,2016,-11
6,12,69,266,1,2005-03-12T00:00:00Z,West Island Outer,6,Invert,10,2005,2016,-11
11,12,69,267,1,2005-03-12T00:00:00Z,West Island Outer,6,Fish,21,2005,2016,-11
9,12,69,267,1,2005-03-12T00:00:00Z,West Island Outer,6,Invert,9,2005,2016,-11
5,12,70,268,1,2007-11-14T00:00:00Z,West Island Outer,6,Fish,13,2007,2016,-9
4,12,70,268,1,2007-11-14T00:00:00Z,West Island Outer,6,Invert,4,2007,2016,-9
8,12,70,269,1,2007-11-14T00:00:00Z,West Island Outer,6,Fish,18,2007,2016,-9
6,12,70,269,1,2007-11-14T00:00:00Z,West Island Outer,6,Invert,9,2007,2016,-9
5,12,70,270,1,2007-11-14T00:00:00Z,West Island Outer,6,Fish,14,2007,2016,-9
3,12,70,270,1,2007-11-14T00:00:00Z,West Island Outer,6,Invert,3,2007,2016,-9
1,12,70,271,1,2007-11-14T00:00:00Z,West Island Outer,6,Fish,1,2007,2016,-9
6,12,70,271,1,2007-11-14T00:00:00Z,West Island Outer,6,Invert,7,2007,2016,-9
8,12,71,272,1,2017-05-09T00:00:00Z,West Island Outer,6,Fish,16,2017,2016,1
5,12,71,272,1,2017-05-09T00:00:00Z,West Island Outer,6,Invert,5,2017,2016,1
6,12,71,273,1,2017-05-09T00:00:00Z,West Island Outer,6,Fish,12,2017,2016,1
7,12,71,273,1,2017-05-09T00:00:00Z,West Island Outer,6,Invert,8,2017,2016,1
6,12,71,274,1,2017-05-09T00:00:00Z,West Island Outer,6,Fish,17,2017,2016,1
8,12,71,274,1,2017-05-09T00:00:00Z,West Island Outer,6,Invert,8,2017,2016,1
12,12,71,275,1,2017-05-09T00:00:00Z,West Island Outer,6,Fish,26,2017,2016,1
9,12,71,275,1,2017-05-09T00:00:00Z,West Island Outer,6,Invert,9,2017,2016,1
12,12,72,276,1,2018-02-08T00:00:00Z,West Island Outer,6,Fish,33,2018,2016,2
9,12,72,276,1,2018-02-08T00:00:00Z,West Island Outer,6,Invert,9,2018,2016,2
9,12,72,277,1,2018-02-08T00:00:00Z,West Island Outer,6,Fish,15,2018,2016,2
1,12,72,277,1,2018-02-08T00:00:00Z,West Island Outer,6,Invert,1,2018,2016,2
7,12,72,278,1,2018-02-08T00:00:00Z,West Island Outer,6,Fish,21,2018,2016,2
11,12,72,278,1,2018-02-08T00:00:00Z,West Island Outer,6,Invert,11,2018,2016,2
11,12,72,279,1,2018-02-08T00:00:00Z,West Island Outer,6,Fish,24,2018,2016,2
5,12,72,279,1,2018-02-08T00:00:00Z,West Island Outer,6,Invert,5,2018,2016,2
11,14,75,288,1,2005-03-13T00:00:00Z,Newland Head,6,Fish,32,2005,2016,-11
12,14,75,288,1,2005-03-13T00:00:00Z,Newland Head,6,Invert,16,2005,2016,-11
8,14,75,289,1,2005-03-13T00:00:00Z,Newland Head,6,Fish,26,2005,2016,-11
12,14,75,289,1,2005-03-13T00:00:00Z,Newland Head,6,Invert,12,2005,2016,-11
13,14,75,290,1,2005-03-13T00:00:00Z,Newland Head,6,Fish,35,2005,2016,-11
5,14,75,290,1,2005-03-13T00:00:00Z,Newland Head,6,Invert,5,2005,2016,-11
9,14,75,291,1,2005-03-13T00:00:00Z,Newland Head,6,Fish,27,2005,2016,-11
6,14,75,291,1,2005-03-13T00:00:00Z,Newland Head,6,Invert,6,2005,2016,-11
3,14,76,295,1,2007-11-09T00:00:00Z,Newland Head,6,Fish,10,2007,2016,-9
13,14,76,295,1,2007-11-09T00:00:00Z,Newland Head,6,Invert,13,2007,2016,-9
11,14,77,296,1,2017-05-10T00:00:00Z,Newland Head,6,Fish,31,2017,2016,1
9,14,77,296,1,2017-05-10T00:00:00Z,Newland Head,6,Invert,15,2017,2016,1
8,14,77,297,1,2017-05-10T00:00:00Z,Newland Head,6,Fish,24,2017,2016,1
10,14,77,297,1,2017-05-10T00:00:00Z,Newland Head,6,Invert,10,2017,2016,1
11,14,77,298,1,2017-05-10T00:00:00Z,Newland Head,6,Fish,27,2017,2016,1
11,14,77,298,1,2017-05-10T00:00:00Z,Newland Head,6,Invert,11,2017,2016,1
11,14,77,299,1,2017-05-10T00:00:00Z,Newland Head,6,Fish,28,2017,2016,1
11,14,77,299,1,2017-05-10T00:00:00Z,Newland Head,6,Invert,14,2017,2016,1
9,14,78,300,1,2018-01-28T00:00:00Z,Newland Head,6,Fish,24,2018,2016,2
8,14,78,300,1,2018-01-28T00:00:00Z,Newland Head,6,Invert,8,2018,2016,2
9,14,78,301,1,2018-01-28T00:00:00Z,Newland Head,6,Fish,26,2018,2016,2
11,14,78,301,1,2018-01-28T00:00:00Z,Newland Head,6,Invert,12,2018,2016,2
8,14,78,302,1,2018-01-28T00:00:00Z,Newland Head,6,Fish,28,2018,2016,2
8,14,78,302,1,2018-01-28T00:00:00Z,Newland Head,6,Invert,10,2018,2016,2
11,14,78,303,1,2018-01-28T00:00:00Z,Newland Head,6,Fish,25,2018,2016,2
14,14,78,303,1,2018-01-28T00:00:00Z,Newland Head,6,Invert,17,2018,2016,2
9,15,79,304,1,2005-03-13T00:00:00Z,Flat Irons,6,Fish,25,2005,2016,-11
14,15,79,304,1,2005-03-13T00:00:00Z,Flat Irons,6,Invert,21,2005,2016,-11
14,15,79,305,1,2005-03-13T00:00:00Z,Flat Irons,6,Fish,29,2005,2016,-11
12,15,79,305,1,2005-03-13T00:00:00Z,Flat Irons,6,Invert,18,2005,2016,-11
12,15,79,306,1,2005-03-13T00:00:00Z,Flat Irons,6,Fish,23,2005,2016,-11
7,15,79,306,1,2005-03-13T00:00:00Z,Flat Irons,6,Invert,10,2005,2016,-11
11,15,79,307,1,2005-03-13T00:00:00Z,Flat Irons,6,Fish,27,2005,2016,-11
9,15,79,307,1,2005-03-13T00:00:00Z,Flat Irons,6,Invert,12,2005,2016,-11
11,15,80,308,1,2007-04-10T00:00:00Z,Flat Irons,6,Fish,22,2007,2016,-9
11,15,80,308,1,2007-04-10T00:00:00Z,Flat Irons,6,Invert,18,2007,2016,-9
9,15,80,309,1,2007-04-10T00:00:00Z,Flat Irons,6,Fish,23,2007,2016,-9
10,15,80,309,1,2007-04-10T00:00:00Z,Flat Irons,6,Invert,15,2007,2016,-9
7,15,80,310,1,2007-04-10T00:00:00Z,Flat Irons,6,Fish,18,2007,2016,-9
12,15,80,310,1,2007-04-10T00:00:00Z,Flat Irons,6,Invert,13,2007,2016,-9
9,15,80,311,1,2007-04-10T00:00:00Z,Flat Irons,6,Fish,24,2007,2016,-9
14,15,80,311,1,2007-04-10T00:00:00Z,Flat Irons,6,Invert,18,2007,2016,-9
4,15,81,312,1,2007-11-09T00:00:00Z,Flat Irons,6,Fish,11,2007,2016,-9
11,15,81,312,1,2007-11-09T00:00:00Z,Flat Irons,6,Invert,16,2007,2016,-9
6,15,81,313,1,2007-11-09T00:00:00Z,Flat Irons,6,Fish,12,2007,2016,-9
6,15,81,313,1,2007-11-09T00:00:00Z,Flat Irons,6,Invert,12,2007,2016,-9
9,15,81,314,1,2007-11-09T00:00:00Z,Flat Irons,6,Fish,22,2007,2016,-9
10,15,81,314,1,2007-11-09T00:00:00Z,Flat Irons,6,Invert,15,2007,2016,-9
4,15,81,315,1,2007-11-09T00:00:00Z,Flat Irons,6,Fish,9,2007,2016,-9
16,15,81,315,1,2007-11-09T00:00:00Z,Flat Irons,6,Invert,19,2007,2016,-9
6,15,82,316,1,2012-02-08T00:00:00Z,Flat Irons,6,Fish,10,2012,2016,-4
12,15,82,316,1,2012-02-08T00:00:00Z,Flat Irons,6,Invert,19,2012,2016,-4
9,15,82,317,1,2012-02-08T00:00:00Z,Flat Irons,6,Fish,19,2012,2016,-4
12,15,82,317,1,2012-02-08T00:00:00Z,Flat Irons,6,Invert,15,2012,2016,-4
7,15,82,318,1,2012-02-08T00:00:00Z,Flat Irons,6,Fish,10,2012,2016,-4
9,15,82,318,1,2012-02-08T00:00:00Z,Flat Irons,6,Invert,10,2012,2016,-4
9,15,82,319,1,2012-02-08T00:00:00Z,Flat Irons,6,Fish,15,2012,2016,-4
8,15,82,319,1,2012-02-08T00:00:00Z,Flat Irons,6,Invert,8,2012,2016,-4
11,15,83,320,1,2017-05-09T00:00:00Z,Flat Irons,6,Fish,28,2017,2016,1
13,15,83,320,1,2017-05-09T00:00:00Z,Flat Irons,6,Invert,16,2017,2016,1
6,15,83,321,1,2017-05-09T00:00:00Z,Flat Irons,6,Fish,16,2017,2016,1
11,15,83,321,1,2017-05-09T00:00:00Z,Flat Irons,6,Invert,16,2017,2016,1
8,15,83,322,1,2017-05-09T00:00:00Z,Flat Irons,6,Fish,22,2017,2016,1
15,15,83,322,1,2017-05-09T00:00:00Z,Flat Irons,6,Invert,23,2017,2016,1
9,15,83,323,1,2017-05-09T00:00:00Z,Flat Irons,6,Fish,18,2017,2016,1
12,15,83,323,1,2017-05-09T00:00:00Z,Flat Irons,6,Invert,17,2017,2016,1
10,15,84,324,1,2018-01-28T00:00:00Z,Flat Irons,6,Fish,21,2018,2016,2
11,15,84,324,1,2018-01-28T00:00:00Z,Flat Irons,6,Invert,18,2018,2016,2
9,15,84,325,1,2018-01-28T00:00:00Z,Flat Irons,6,Fish,17,2018,2016,2
17,15,84,325,1,2018-01-28T00:00:00Z,Flat Irons,6,Invert,27,2018,2016,2
8,15,84,326,1,2018-01-28T00:00:00Z,Flat Irons,6,Fish,15,2018,2016,2
12,15,84,326,1,2018-01-28T00:00:00Z,Flat Irons,6,Invert,15,2018,2016,2
7,15,84,327,1,2018-01-28T00:00:00Z,Flat Irons,6,Fish,14,2018,2016,2
18,15,84,327,1,2018-01-28T00:00:00Z,Flat Irons,6,Invert,25,2018,2016,2
8,17,87,336,1,2005-03-13T00:00:00Z,The Bluff,7,Fish,11,2005,2016,-11
7,17,87,336,1,2005-03-13T00:00:00Z,The Bluff,7,Invert,7,2005,2016,-11
17,17,87,337,1,2005-03-13T00:00:00Z,The Bluff,7,Fish,33,2005,2016,-11
5,17,87,337,1,2005-03-13T00:00:00Z,The Bluff,7,Invert,8,2005,2016,-11
13,17,87,338,1,2005-03-13T00:00:00Z,The Bluff,7,Fish,27,2005,2016,-11
6,17,87,338,1,2005-03-13T00:00:00Z,The Bluff,7,Invert,6,2005,2016,-11
7,17,87,339,1,2005-03-13T00:00:00Z,The Bluff,7,Fish,16,2005,2016,-11
7,17,87,339,1,2005-03-13T00:00:00Z,The Bluff,7,Invert,10,2005,2016,-11
13,17,88,340,1,2006-03-24T00:00:00Z,The Bluff,7,Fish,21,2006,2016,-10
8,17,88,340,1,2006-03-24T00:00:00Z,The Bluff,7,Invert,11,2006,2016,-10
10,17,88,341,1,2006-03-24T00:00:00Z,The Bluff,7,Fish,18,2006,2016,-10
6,17,88,341,1,2006-03-24T00:00:00Z,The Bluff,7,Invert,7,2006,2016,-10
17,17,88,342,1,2006-03-24T00:00:00Z,The Bluff,7,Fish,28,2006,2016,-10
7,17,88,342,1,2006-03-24T00:00:00Z,The Bluff,7,Invert,7,2006,2016,-10
10,17,88,343,1,2006-03-24T00:00:00Z,The Bluff,7,Fish,20,2006,2016,-10
11,17,88,343,1,2006-03-24T00:00:00Z,The Bluff,7,Invert,11,2006,2016,-10
14,17,89,344,1,2007-02-20T00:00:00Z,The Bluff,7,Fish,28,2007,2016,-9
9,17,89,344,1,2007-02-20T00:00:00Z,The Bluff,7,Invert,10,2007,2016,-9
14,17,89,345,1,2007-02-20T00:00:00Z,The Bluff,7,Fish,32,2007,2016,-9
9,17,89,345,1,2007-02-20T00:00:00Z,The Bluff,7,Invert,11,2007,2016,-9
11,17,89,346,1,2007-02-20T00:00:00Z,The Bluff,7,Fish,22,2007,2016,-9
6,17,89,346,1,2007-02-20T00:00:00Z,The Bluff,7,Invert,6,2007,2016,-9
8,17,89,347,1,2007-02-20T00:00:00Z,The Bluff,7,Fish,18,2007,2016,-9
12,17,89,347,1,2007-02-20T00:00:00Z,The Bluff,7,Invert,12,2007,2016,-9
9,17,90,348,1,2007-11-14T00:00:00Z,The Bluff,7,Fish,16,2007,2016,-9
6,17,90,348,1,2007-11-14T00:00:00Z,The Bluff,7,Invert,7,2007,2016,-9
9,17,90,349,1,2007-11-14T00:00:00Z,The Bluff,7,Fish,15,2007,2016,-9
6,17,90,349,1,2007-11-14T00:00:00Z,The Bluff,7,Invert,7,2007,2016,-9
9,17,90,350,1,2007-11-14T00:00:00Z,The Bluff,7,Fish,20,2007,2016,-9
6,17,90,350,1,2007-11-14T00:00:00Z,The Bluff,7,Invert,6,2007,2016,-9
13,17,90,351,1,2007-11-14T00:00:00Z,The Bluff,7,Fish,19,2007,2016,-9
4,17,90,351,1,2007-11-14T00:00:00Z,The Bluff,7,Invert,4,2007,2016,-9
5,17,91,352,1,2013-03-06T00:00:00Z,The Bluff,7,Fish,11,2013,2016,-3
12,17,91,352,1,2013-03-06T00:00:00Z,The Bluff,7,Invert,13,2013,2016,-3
5,17,91,353,1,2013-03-06T00:00:00Z,The Bluff,7,Fish,8,2013,2016,-3
9,17,91,353,1,2013-03-06T00:00:00Z,The Bluff,7,Invert,9,2013,2016,-3
6,17,91,354,1,2013-03-06T00:00:00Z,The Bluff,7,Fish,15,2013,2016,-3
11,17,91,354,1,2013-03-06T00:00:00Z,The Bluff,7,Invert,11,2013,2016,-3
10,17,91,355,1,2013-03-06T00:00:00Z,The Bluff,7,Fish,17,2013,2016,-3
9,17,91,355,1,2013-03-06T00:00:00Z,The Bluff,7,Invert,9,2013,2016,-3
2,17,92,356,1,2013-11-18T00:00:00Z,The Bluff,7,Fish,2,2013,2016,-3
12,17,92,356,1,2013-11-18T00:00:00Z,The Bluff,7,Invert,12,2013,2016,-3
6,17,92,357,1,2013-11-18T00:00:00Z,The Bluff,7,Invert,6,2013,2016,-3
5,17,92,358,1,2013-11-18T00:00:00Z,The Bluff,7,Fish,11,2013,2016,-3
13,17,92,358,1,2013-11-18T00:00:00Z,The Bluff,7,Invert,14,2013,2016,-3
3,17,92,359,1,2013-11-18T00:00:00Z,The Bluff,7,Fish,4,2013,2016,-3
7,17,92,359,1,2013-11-18T00:00:00Z,The Bluff,7,Invert,8,2013,2016,-3
10,17,93,360,1,2017-04-15T00:00:00Z,The Bluff,7,Fish,19,2017,2016,1
11,17,93,360,1,2017-04-15T00:00:00Z,The Bluff,7,Invert,12,2017,2016,1
13,17,93,361,1,2017-04-15T00:00:00Z,The Bluff,7,Fish,28,2017,2016,1
12,17,93,361,1,2017-04-15T00:00:00Z,The Bluff,7,Invert,14,2017,2016,1
12,17,93,362,1,2017-04-15T00:00:00Z,The Bluff,7,Fish,24,2017,2016,1
5,17,93,362,1,2017-04-15T00:00:00Z,The Bluff,7,Invert,5,2017,2016,1
14,17,93,363,1,2017-04-15T00:00:00Z,The Bluff,7,Fish,31,2017,2016,1
11,17,93,363,1,2017-04-15T00:00:00Z,The Bluff,7,Invert,13,2017,2016,1
11,17,94,364,1,2018-03-09T00:00:00Z,The Bluff,7,Fish,13,2018,2016,2
12,17,94,364,1,2018-03-09T00:00:00Z,The Bluff,7,Invert,12,2018,2016,2
20,17,94,365,1,2018-03-09T00:00:00Z,The Bluff,7,Fish,33,2018,2016,2
15,17,94,365,1,2018-03-09T00:00:00Z,The Bluff,7,Invert,16,2018,2016,2
6,17,94,366,1,2018-03-09T00:00:00Z,The Bluff,7,Fish,13,2018,2016,2
9,17,94,366,1,2018-03-09T00:00:00Z,The Bluff,7,Invert,9,2018,2016,2
11,17,94,367,1,2018-03-09T00:00:00Z,The Bluff,7,Fish,18,2018,2016,2
11,17,94,367,1,2018-03-09T00:00:00Z,The Bluff,7,Invert,11,2018,2016,2
16,28,135,528,1,2005-03-17T00:00:00Z,Ripple Rock,4,Fish,31,2005,2016,-11
10,28,135,528,1,2005-03-17T00:00:00Z,Ripple Rock,4,Invert,10,2005,2016,-11
18,28,135,529,1,2005-03-17T00:00:00Z,Ripple Rock,4,Fish,37,2005,2016,-11
7,28,135,529,1,2005-03-17T00:00:00Z,Ripple Rock,4,Invert,7,2005,2016,-11
22,28,135,530,1,2005-03-17T00:00:00Z,Ripple Rock,4,Fish,52,2005,2016,-11
4,28,135,530,1,2005-03-17T00:00:00Z,Ripple Rock,4,Invert,4,2005,2016,-11
21,28,135,531,1,2005-03-17T00:00:00Z,Ripple Rock,4,Fish,49,2005,2016,-11
7,28,135,531,1,2005-03-17T00:00:00Z,Ripple Rock,4,Invert,7,2005,2016,-11
11,28,136,532,1,2006-03-01T00:00:00Z,Ripple Rock,4,Fish,19,2006,2016,-10
4,28,136,532,1,2006-03-01T00:00:00Z,Ripple Rock,4,Invert,4,2006,2016,-10
16,28,136,533,1,2006-03-01T00:00:00Z,Ripple Rock,4,Fish,26,2006,2016,-10
6,28,136,533,1,2006-03-01T00:00:00Z,Ripple Rock,4,Invert,6,2006,2016,-10
22,28,136,534,1,2006-03-01T00:00:00Z,Ripple Rock,4,Fish,52,2006,2016,-10
8,28,136,534,1,2006-03-01T00:00:00Z,Ripple Rock,4,Invert,8,2006,2016,-10
24,28,136,535,1,2006-03-01T00:00:00Z,Ripple Rock,4,Fish,58,2006,2016,-10
9,28,136,535,1,2006-03-01T00:00:00Z,Ripple Rock,4,Invert,10,2006,2016,-10
25,28,137,536,1,2007-02-22T00:00:00Z,Ripple Rock,4,Fish,45,2007,2016,-9
8,28,137,536,1,2007-02-22T00:00:00Z,Ripple Rock,4,Invert,8,2007,2016,-9
24,28,137,537,1,2007-02-22T00:00:00Z,Ripple Rock,4,Fish,53,2007,2016,-9
5,28,137,537,1,2007-02-22T00:00:00Z,Ripple Rock,4,Invert,5,2007,2016,-9
26,28,137,538,1,2007-02-22T00:00:00Z,Ripple Rock,4,Fish,43,2007,2016,-9
5,28,137,538,1,2007-02-22T00:00:00Z,Ripple Rock,4,Invert,5,2007,2016,-9
24,28,137,539,1,2007-02-22T00:00:00Z,Ripple Rock,4,Fish,41,2007,2016,-9
8,28,137,539,1,2007-02-22T00:00:00Z,Ripple Rock,4,Invert,8,2007,2016,-9
15,28,138,540,1,2016-02-12T00:00:00Z,Ripple Rock,4,Fish,30,2016,2016,0
7,28,138,540,1,2016-02-12T00:00:00Z,Ripple Rock,4,Invert,7,2016,2016,0
19,28,138,541,1,2016-02-12T00:00:00Z,Ripple Rock,4,Fish,29,2016,2016,0
6,28,138,541,1,2016-02-12T00:00:00Z,Ripple Rock,4,Invert,6,2016,2016,0
17,28,138,542,1,2016-02-12T00:00:00Z,Ripple Rock,4,Fish,53,2016,2016,0
7,28,138,542,1,2016-02-12T00:00:00Z,Ripple Rock,4,Invert,7,2016,2016,0
22,28,138,543,1,2016-02-12T00:00:00Z,Ripple Rock,4,Fish,59,2016,2016,0
7,28,138,543,1,2016-02-12T00:00:00Z,Ripple Rock,4,Invert,8,2016,2016,0
15,28,139,544,1,2017-03-07T00:00:00Z,Ripple Rock,4,Fish,30,2017,2016,1
5,28,139,544,1,2017-03-07T00:00:00Z,Ripple Rock,4,Invert,5,2017,2016,1
13,28,139,545,1,2017-03-07T00:00:00Z,Ripple Rock,4,Fish,35,2017,2016,1
6,28,139,545,1,2017-03-07T00:00:00Z,Ripple Rock,4,Invert,6,2017,2016,1
16,28,139,546,1,2017-03-07T00:00:00Z,Ripple Rock,4,Fish,38,2017,2016,1
1,28,139,546,1,2017-03-07T00:00:00Z,Ripple Rock,4,Invert,1,2017,2016,1
20,28,139,547,1,2017-03-07T00:00:00Z,Ripple Rock,4,Fish,47,2017,2016,1
3,28,139,547,1,2017-03-07T00:00:00Z,Ripple Rock,4,Invert,3,2017,2016,1
16,28,140,548,1,2018-04-30T00:00:00Z,Ripple Rock,4,Fish,34,2018,2016,2
7,28,140,548,1,2018-04-30T00:00:00Z,Ripple Rock,4,Invert,7,2018,2016,2
17,28,140,549,1,2018-04-30T00:00:00Z,Ripple Rock,4,Fish,34,2018,2016,2
5,28,140,549,1,2018-04-30T00:00:00Z,Ripple Rock,4,Invert,5,2018,2016,2
22,28,140,550,1,2018-04-30T00:00:00Z,Ripple Rock,4,Fish,54,2018,2016,2
7,28,140,550,1,2018-04-30T00:00:00Z,Ripple Rock,4,Invert,7,2018,2016,2
22,28,140,551,1,2018-04-30T00:00:00Z,Ripple Rock,4,Fish,50,2018,2016,2
7,28,140,551,1,2018-04-30T00:00:00Z,Ripple Rock,4,Invert,8,2018,2016,2
14,29,141,552,1,2005-03-17T00:00:00Z,Shag Rock Carrickalinga,4,Fish,27,2005,2016,-11
7,29,141,552,1,2005-03-17T00:00:00Z,Shag Rock Carrickalinga,4,Invert,7,2005,2016,-11
29,29,141,553,1,2005-03-17T00:00:00Z,Shag Rock Carrickalinga,4,Fish,61,2005,2016,-11
9,29,141,553,1,2005-03-17T00:00:00Z,Shag Rock Carrickalinga,4,Invert,9,2005,2016,-11
27,29,141,554,1,2005-03-17T00:00:00Z,Shag Rock Carrickalinga,4,Fish,58,2005,2016,-11
5,29,141,554,1,2005-03-17T00:00:00Z,Shag Rock Carrickalinga,4,Invert,5,2005,2016,-11
20,29,141,555,1,2005-03-17T00:00:00Z,Shag Rock Carrickalinga,4,Fish,37,2005,2016,-11
8,29,141,555,1,2005-03-17T00:00:00Z,Shag Rock Carrickalinga,4,Invert,8,2005,2016,-11
23,29,142,556,1,2006-02-27T00:00:00Z,Shag Rock Carrickalinga,4,Fish,52,2006,2016,-10
6,29,142,556,1,2006-02-27T00:00:00Z,Shag Rock Carrickalinga,4,Invert,6,2006,2016,-10
18,29,142,557,1,2006-02-27T00:00:00Z,Shag Rock Carrickalinga,4,Fish,38,2006,2016,-10
4,29,142,557,1,2006-02-27T00:00:00Z,Shag Rock Carrickalinga,4,Invert,4,2006,2016,-10
18,29,142,558,1,2006-02-27T00:00:00Z,Shag Rock Carrickalinga,4,Fish,43,2006,2016,-10
4,29,142,558,1,2006-02-27T00:00:00Z,Shag Rock Carrickalinga,4,Invert,4,2006,2016,-10
23,29,142,559,1,2006-02-27T00:00:00Z,Shag Rock Carrickalinga,4,Fish,52,2006,2016,-10
3,29,142,559,1,2006-02-27T00:00:00Z,Shag Rock Carrickalinga,4,Invert,3,2006,2016,-10
27,29,143,560,1,2007-02-25T00:00:00Z,Shag Rock Carrickalinga,4,Fish,43,2007,2016,-9
6,29,143,560,1,2007-02-25T00:00:00Z,Shag Rock Carrickalinga,4,Invert,6,2007,2016,-9
17,29,143,561,1,2007-02-25T00:00:00Z,Shag Rock Carrickalinga,4,Fish,38,2007,2016,-9
3,29,143,561,1,2007-02-25T00:00:00Z,Shag Rock Carrickalinga,4,Invert,3,2007,2016,-9
17,29,143,562,1,2007-02-25T00:00:00Z,Shag Rock Carrickalinga,4,Fish,32,2007,2016,-9
5,29,143,562,1,2007-02-25T00:00:00Z,Shag Rock Carrickalinga,4,Invert,5,2007,2016,-9
20,29,143,563,1,2007-02-25T00:00:00Z,Shag Rock Carrickalinga,4,Fish,39,2007,2016,-9
5,29,143,563,1,2007-02-25T00:00:00Z,Shag Rock Carrickalinga,4,Invert,5,2007,2016,-9
2,29,145,568,1,2008-02-09T00:00:00Z,Shag Rock Carrickalinga,4,Fish,4,2008,2016,-8
8,29,145,568,1,2008-02-09T00:00:00Z,Shag Rock Carrickalinga,4,Invert,8,2008,2016,-8
19,29,146,569,1,2011-02-01T00:00:00Z,Shag Rock Carrickalinga,4,Fish,57,2011,2016,-5
9,29,146,569,1,2011-02-01T00:00:00Z,Shag Rock Carrickalinga,4,Invert,9,2011,2016,-5
28,29,146,570,1,2011-02-01T00:00:00Z,Shag Rock Carrickalinga,4,Fish,60,2011,2016,-5
9,29,146,570,1,2011-02-01T00:00:00Z,Shag Rock Carrickalinga,4,Invert,9,2011,2016,-5
17,29,146,571,1,2011-02-01T00:00:00Z,Shag Rock Carrickalinga,4,Fish,42,2011,2016,-5
13,29,146,571,1,2011-02-01T00:00:00Z,Shag Rock Carrickalinga,4,Invert,13,2011,2016,-5
16,29,147,572,1,2012-02-02T00:00:00Z,Shag Rock Carrickalinga,4,Fish,26,2012,2016,-4
10,29,147,572,1,2012-02-02T00:00:00Z,Shag Rock Carrickalinga,4,Invert,10,2012,2016,-4
11,29,147,573,1,2012-02-02T00:00:00Z,Shag Rock Carrickalinga,4,Fish,23,2012,2016,-4
11,29,147,573,1,2012-02-02T00:00:00Z,Shag Rock Carrickalinga,4,Invert,11,2012,2016,-4
10,29,147,574,1,2012-02-02T00:00:00Z,Shag Rock Carrickalinga,4,Fish,17,2012,2016,-4
19,29,147,575,1,2012-02-02T00:00:00Z,Shag Rock Carrickalinga,4,Fish,46,2012,2016,-4
6,29,147,575,1,2012-02-02T00:00:00Z,Shag Rock Carrickalinga,4,Invert,6,2012,2016,-4
10,29,148,576,1,2014-02-05T00:00:00Z,Shag Rock Carrickalinga,4,Fish,22,2014,2016,-2
10,29,148,576,1,2014-02-05T00:00:00Z,Shag Rock Carrickalinga,4,Invert,10,2014,2016,-2
13,29,148,577,1,2014-02-05T00:00:00Z,Shag Rock Carrickalinga,4,Fish,32,2014,2016,-2
6,29,148,577,1,2014-02-05T00:00:00Z,Shag Rock Carrickalinga,4,Invert,6,2014,2016,-2
9,29,148,578,1,2014-02-05T00:00:00Z,Shag Rock Carrickalinga,4,Fish,22,2014,2016,-2
4,29,148,578,1,2014-02-05T00:00:00Z,Shag Rock Carrickalinga,4,Invert,4,2014,2016,-2
17,29,148,579,1,2014-02-05T00:00:00Z,Shag Rock Carrickalinga,4,Fish,32,2014,2016,-2
3,29,148,579,1,2014-02-05T00:00:00Z,Shag Rock Carrickalinga,4,Invert,3,2014,2016,-2
20,29,149,580,1,2016-02-08T00:00:00Z,Shag Rock Carrickalinga,4,Fish,37,2016,2016,0
9,29,149,580,1,2016-02-08T00:00:00Z,Shag Rock Carrickalinga,4,Invert,9,2016,2016,0
15,29,149,581,1,2016-02-08T00:00:00Z,Shag Rock Carrickalinga,4,Fish,26,2016,2016,0
10,29,149,581,1,2016-02-08T00:00:00Z,Shag Rock Carrickalinga,4,Invert,10,2016,2016,0
19,29,149,582,1,2016-02-08T00:00:00Z,Shag Rock Carrickalinga,4,Fish,37,2016,2016,0
9,29,149,582,1,2016-02-08T00:00:00Z,Shag Rock Carrickalinga,4,Invert,9,2016,2016,0
16,29,149,583,1,2016-02-08T00:00:00Z,Shag Rock Carrickalinga,4,Fish,34,2016,2016,0
9,29,149,583,1,2016-02-08T00:00:00Z,Shag Rock Carrickalinga,4,Invert,9,2016,2016,0
13,29,150,584,1,2017-03-15T00:00:00Z,Shag Rock Carrickalinga,4,Fish,29,2017,2016,1
3,29,150,584,1,2017-03-15T00:00:00Z,Shag Rock Carrickalinga,4,Invert,3,2017,2016,1
12,29,150,585,1,2017-03-15T00:00:00Z,Shag Rock Carrickalinga,4,Fish,33,2017,2016,1
6,29,150,585,1,2017-03-15T00:00:00Z,Shag Rock Carrickalinga,4,Invert,6,2017,2016,1
15,29,150,586,1,2017-03-15T00:00:00Z,Shag Rock Carrickalinga,4,Fish,31,2017,2016,1
4,29,150,586,1,2017-03-15T00:00:00Z,Shag Rock Carrickalinga,4,Invert,4,2017,2016,1
14,29,150,587,1,2017-03-15T00:00:00Z,Shag Rock Carrickalinga,4,Fish,33,2017,2016,1
6,29,150,587,1,2017-03-15T00:00:00Z,Shag Rock Carrickalinga,4,Invert,6,2017,2016,1
18,29,152,592,1,2018-02-20T00:00:00Z,Shag Rock Carrickalinga,4,Fish,49,2018,2016,2
5,29,152,592,1,2018-02-20T00:00:00Z,Shag Rock Carrickalinga,4,Invert,5,2018,2016,2
21,29,152,593,1,2018-02-20T00:00:00Z,Shag Rock Carrickalinga,4,Fish,56,2018,2016,2
12,29,152,593,1,2018-02-20T00:00:00Z,Shag Rock Carrickalinga,4,Invert,13,2018,2016,2
17,29,152,594,1,2018-02-20T00:00:00Z,Shag Rock Carrickalinga,4,Fish,47,2018,2016,2
7,29,152,594,1,2018-02-20T00:00:00Z,Shag Rock Carrickalinga,4,Invert,7,2018,2016,2
18,29,152,595,1,2018-02-20T00:00:00Z,Shag Rock Carrickalinga,4,Fish,41,2018,2016,2
11,29,152,595,1,2018-02-20T00:00:00Z,Shag Rock Carrickalinga,4,Invert,11,2018,2016,2
13,32,167,653,1,2005-03-18T00:00:00Z,Rapid Head Windmill,4,Fish,25,2005,2016,-11
6,32,167,653,1,2005-03-18T00:00:00Z,Rapid Head Windmill,4,Invert,6,2005,2016,-11
15,32,167,654,1,2005-03-18T00:00:00Z,Rapid Head Windmill,4,Fish,36,2005,2016,-11
6,32,167,654,1,2005-03-18T00:00:00Z,Rapid Head Windmill,4,Invert,6,2005,2016,-11
17,32,167,655,1,2005-03-18T00:00:00Z,Rapid Head Windmill,4,Fish,33,2005,2016,-11
10,32,167,655,1,2005-03-18T00:00:00Z,Rapid Head Windmill,4,Invert,10,2005,2016,-11
21,32,167,656,1,2005-03-18T00:00:00Z,Rapid Head Windmill,4,Fish,45,2005,2016,-11
7,32,167,656,1,2005-03-18T00:00:00Z,Rapid Head Windmill,4,Invert,7,2005,2016,-11
13,32,168,657,1,2006-03-21T00:00:00Z,Rapid Head Windmill,4,Fish,27,2006,2016,-10
3,32,168,657,1,2006-03-21T00:00:00Z,Rapid Head Windmill,4,Invert,3,2006,2016,-10
13,32,168,658,1,2006-03-21T00:00:00Z,Rapid Head Windmill,4,Fish,29,2006,2016,-10
5,32,168,658,1,2006-03-21T00:00:00Z,Rapid Head Windmill,4,Invert,5,2006,2016,-10
18,32,168,659,1,2006-03-21T00:00:00Z,Rapid Head Windmill,4,Fish,30,2006,2016,-10
9,32,168,659,1,2006-03-21T00:00:00Z,Rapid Head Windmill,4,Invert,9,2006,2016,-10
20,32,168,660,1,2006-03-21T00:00:00Z,Rapid Head Windmill,4,Fish,44,2006,2016,-10
2,32,168,660,1,2006-03-21T00:00:00Z,Rapid Head Windmill,4,Invert,2,2006,2016,-10
15,32,169,661,1,2007-02-21T00:00:00Z,Rapid Head Windmill,4,Fish,25,2007,2016,-9
8,32,169,661,1,2007-02-21T00:00:00Z,Rapid Head Windmill,4,Invert,9,2007,2016,-9
18,32,169,662,1,2007-02-21T00:00:00Z,Rapid Head Windmill,4,Fish,43,2007,2016,-9
3,32,169,662,1,2007-02-21T00:00:00Z,Rapid Head Windmill,4,Invert,3,2007,2016,-9
17,32,169,663,1,2007-02-21T00:00:00Z,Rapid Head Windmill,4,Fish,35,2007,2016,-9
2,32,169,663,1,2007-02-21T00:00:00Z,Rapid Head Windmill,4,Invert,2,2007,2016,-9
15,32,169,664,1,2007-02-21T00:00:00Z,Rapid Head Windmill,4,Fish,26,2007,2016,-9
6,32,169,664,1,2007-02-21T00:00:00Z,Rapid Head Windmill,4,Invert,6,2007,2016,-9
12,32,170,665,1,2012-01-31T00:00:00Z,Rapid Head Windmill,4,Fish,27,2012,2016,-4
6,32,170,665,1,2012-01-31T00:00:00Z,Rapid Head Windmill,4,Invert,6,2012,2016,-4
16,32,170,666,1,2012-01-31T00:00:00Z,Rapid Head Windmill,4,Fish,39,2012,2016,-4
7,32,170,666,1,2012-01-31T00:00:00Z,Rapid Head Windmill,4,Invert,8,2012,2016,-4
5,32,170,667,1,2012-01-31T00:00:00Z,Rapid Head Windmill,4,Fish,11,2012,2016,-4
4,32,170,667,1,2012-01-31T00:00:00Z,Rapid Head Windmill,4,Invert,4,2012,2016,-4
14,32,170,668,1,2012-01-31T00:00:00Z,Rapid Head Windmill,4,Fish,23,2012,2016,-4
3,32,170,668,1,2012-01-31T00:00:00Z,Rapid Head Windmill,4,Invert,3,2012,2016,-4
16,32,171,669,1,2017-03-20T00:00:00Z,Rapid Head Windmill,4,Fish,28,2017,2016,1
6,32,171,669,1,2017-03-20T00:00:00Z,Rapid Head Windmill,4,Invert,6,2017,2016,1
10,32,171,670,1,2017-03-20T00:00:00Z,Rapid Head Windmill,4,Fish,19,2017,2016,1
4,32,171,670,1,2017-03-20T00:00:00Z,Rapid Head Windmill,4,Invert,4,2017,2016,1
15,32,171,671,1,2017-03-20T00:00:00Z,Rapid Head Windmill,4,Fish,29,2017,2016,1
11,32,171,671,1,2017-03-20T00:00:00Z,Rapid Head Windmill,4,Invert,11,2017,2016,1
9,32,171,672,1,2017-03-20T00:00:00Z,Rapid Head Windmill,4,Fish,17,2017,2016,1
7,32,171,672,1,2017-03-20T00:00:00Z,Rapid Head Windmill,4,Invert,7,2017,2016,1
13,32,172,673,1,2018-01-24T00:00:00Z,Rapid Head Windmill,4,Fish,27,2018,2016,2
7,32,172,673,1,2018-01-24T00:00:00Z,Rapid Head Windmill,4,Invert,7,2018,2016,2
8,32,172,674,1,2018-01-24T00:00:00Z,Rapid Head Windmill,4,Fish,16,2018,2016,2
6,32,172,674,1,2018-01-24T00:00:00Z,Rapid Head Windmill,4,Invert,6,2018,2016,2
11,32,172,675,1,2018-01-24T00:00:00Z,Rapid Head Windmill,4,Fish,33,2018,2016,2
14,32,172,676,1,2018-01-24T00:00:00Z,Rapid Head Windmill,4,Fish,31,2018,2016,2
13,32,172,676,1,2018-01-24T00:00:00Z,Rapid Head Windmill,4,Invert,13,2018,2016,2
15,34,175,685,1,2007-02-23T00:00:00Z,Porpoise Head,5,Fish,37,2007,2016,-9
7,34,175,685,1,2007-02-23T00:00:00Z,Porpoise Head,5,Invert,12,2007,2016,-9
11,34,175,686,1,2007-02-23T00:00:00Z,Porpoise Head,5,Fish,33,2007,2016,-9
11,34,175,686,1,2007-02-23T00:00:00Z,Porpoise Head,5,Invert,12,2007,2016,-9
11,34,175,687,1,2007-02-23T00:00:00Z,Porpoise Head,5,Fish,34,2007,2016,-9
11,34,175,687,1,2007-02-23T00:00:00Z,Porpoise Head,5,Invert,18,2007,2016,-9
16,34,175,688,1,2007-02-23T00:00:00Z,Porpoise Head,5,Fish,39,2007,2016,-9
11,34,175,688,1,2007-02-23T00:00:00Z,Porpoise Head,5,Invert,16,2007,2016,-9
8,34,176,689,1,2017-06-01T00:00:00Z,Porpoise Head,5,Fish,17,2017,2016,1
10,34,176,689,1,2017-06-01T00:00:00Z,Porpoise Head,5,Invert,11,2017,2016,1
10,34,176,690,1,2017-06-01T00:00:00Z,Porpoise Head,5,Fish,23,2017,2016,1
5,34,176,690,1,2017-06-01T00:00:00Z,Porpoise Head,5,Invert,9,2017,2016,1
8,34,176,691,1,2017-06-01T00:00:00Z,Porpoise Head,5,Fish,21,2017,2016,1
10,34,176,691,1,2017-06-01T00:00:00Z,Porpoise Head,5,Invert,16,2017,2016,1
13,34,177,693,1,2018-02-09T00:00:00Z,Porpoise Head,5,Fish,29,2018,2016,2
5,34,177,693,1,2018-02-09T00:00:00Z,Porpoise Head,5,Invert,11,2018,2016,2
15,34,177,694,1,2018-02-09T00:00:00Z,Porpoise Head,5,Fish,31,2018,2016,2
8,34,177,694,1,2018-02-09T00:00:00Z,Porpoise Head,5,Invert,12,2018,2016,2
13,34,177,695,1,2018-02-09T00:00:00Z,Porpoise Head,5,Fish,32,2018,2016,2
12,34,177,695,1,2018-02-09T00:00:00Z,Porpoise Head,5,Invert,16,2018,2016,2
10,34,177,696,1,2018-02-09T00:00:00Z,Porpoise Head,5,Fish,20,2018,2016,2
7,34,177,696,1,2018-02-09T00:00:00Z,Porpoise Head,5,Invert,13,2018,2016,2
16,43,191,749,1,2007-03-22T00:00:00Z,Fishery Beach,5,Fish,32,2007,2016,-9
6,43,191,749,1,2007-03-22T00:00:00Z,Fishery Beach,5,Invert,10,2007,2016,-9
7,43,191,750,1,2007-03-22T00:00:00Z,Fishery Beach,5,Fish,11,2007,2016,-9
8,43,191,750,1,2007-03-22T00:00:00Z,Fishery Beach,5,Invert,11,2007,2016,-9
9,43,191,751,1,2007-03-22T00:00:00Z,Fishery Beach,5,Fish,15,2007,2016,-9
9,43,191,751,1,2007-03-22T00:00:00Z,Fishery Beach,5,Invert,9,2007,2016,-9
9,43,191,752,1,2007-03-22T00:00:00Z,Fishery Beach,5,Fish,10,2007,2016,-9
11,43,191,752,1,2007-03-22T00:00:00Z,Fishery Beach,5,Invert,14,2007,2016,-9
8,43,192,753,1,2017-04-12T00:00:00Z,Fishery Beach,5,Fish,11,2017,2016,1
7,43,192,753,1,2017-04-12T00:00:00Z,Fishery Beach,5,Invert,11,2017,2016,1
5,43,192,754,1,2017-04-12T00:00:00Z,Fishery Beach,5,Fish,13,2017,2016,1
5,43,192,754,1,2017-04-12T00:00:00Z,Fishery Beach,5,Invert,8,2017,2016,1
4,43,192,755,1,2017-04-12T00:00:00Z,Fishery Beach,5,Fish,5,2017,2016,1
4,43,192,755,1,2017-04-12T00:00:00Z,Fishery Beach,5,Invert,4,2017,2016,1
10,43,192,756,1,2017-04-12T00:00:00Z,Fishery Beach,5,Fish,19,2017,2016,1
9,43,192,756,1,2017-04-12T00:00:00Z,Fishery Beach,5,Invert,15,2017,2016,1
6,43,193,757,1,2018-02-09T00:00:00Z,Fishery Beach,5,Fish,10,2018,2016,2
10,43,193,757,1,2018-02-09T00:00:00Z,Fishery Beach,5,Invert,16,2018,2016,2
4,43,193,758,1,2018-02-09T00:00:00Z,Fishery Beach,5,Fish,9,2018,2016,2
11,43,193,758,1,2018-02-09T00:00:00Z,Fishery Beach,5,Invert,15,2018,2016,2
8,43,193,759,1,2018-02-09T00:00:00Z,Fishery Beach,5,Fish,19,2018,2016,2
10,43,193,759,1,2018-02-09T00:00:00Z,Fishery Beach,5,Invert,11,2018,2016,2
4,43,193,760,1,2018-02-09T00:00:00Z,Fishery Beach,5,Fish,10,2018,2016,2
13,43,193,760,1,2018-02-09T00:00:00Z,Fishery Beach,5,Invert,15,2018,2016,2
5,44,194,761,1,2007-09-24T00:00:00Z,Whalebone,7,Fish,11,2007,2016,-9
9,44,194,761,1,2007-09-24T00:00:00Z,Whalebone,7,Invert,9,2007,2016,-9
5,44,194,762,1,2007-09-24T00:00:00Z,Whalebone,7,Fish,10,2007,2016,-9
10,44,194,762,1,2007-09-24T00:00:00Z,Whalebone,7,Invert,10,2007,2016,-9
15,44,194,763,1,2007-09-24T00:00:00Z,Whalebone,7,Fish,25,2007,2016,-9
10,44,194,763,1,2007-09-24T00:00:00Z,Whalebone,7,Invert,10,2007,2016,-9
12,44,194,764,1,2007-09-24T00:00:00Z,Whalebone,7,Fish,24,2007,2016,-9
5,44,194,764,1,2007-09-24T00:00:00Z,Whalebone,7,Invert,5,2007,2016,-9
10,44,195,765,1,2012-02-08T00:00:00Z,Whalebone,7,Fish,22,2012,2016,-4
12,44,195,765,1,2012-02-08T00:00:00Z,Whalebone,7,Invert,13,2012,2016,-4
8,44,195,766,1,2012-02-08T00:00:00Z,Whalebone,7,Fish,17,2012,2016,-4
11,44,195,766,1,2012-02-08T00:00:00Z,Whalebone,7,Invert,11,2012,2016,-4
13,44,195,767,1,2012-02-08T00:00:00Z,Whalebone,7,Fish,18,2012,2016,-4
6,44,195,767,1,2012-02-08T00:00:00Z,Whalebone,7,Invert,6,2012,2016,-4
9,44,195,768,1,2012-02-08T00:00:00Z,Whalebone,7,Fish,12,2012,2016,-4
9,44,195,768,1,2012-02-08T00:00:00Z,Whalebone,7,Invert,9,2012,2016,-4
15,44,196,769,1,2013-03-05T00:00:00Z,Whalebone,7,Fish,37,2013,2016,-3
12,44,196,769,1,2013-03-05T00:00:00Z,Whalebone,7,Invert,12,2013,2016,-3
18,44,196,770,1,2013-03-05T00:00:00Z,Whalebone,7,Fish,47,2013,2016,-3
8,44,196,770,1,2013-03-05T00:00:00Z,Whalebone,7,Invert,8,2013,2016,-3
16,44,196,771,1,2013-03-05T00:00:00Z,Whalebone,7,Fish,31,2013,2016,-3
16,44,196,771,1,2013-03-05T00:00:00Z,Whalebone,7,Invert,16,2013,2016,-3
16,44,196,772,1,2013-03-05T00:00:00Z,Whalebone,7,Fish,23,2013,2016,-3
8,44,196,772,1,2013-03-05T00:00:00Z,Whalebone,7,Invert,8,2013,2016,-3
12,44,197,773,1,2013-11-01T00:00:00Z,Whalebone,7,Fish,32,2013,2016,-3
10,44,197,773,1,2013-11-01T00:00:00Z,Whalebone,7,Invert,10,2013,2016,-3
15,44,197,774,1,2013-11-01T00:00:00Z,Whalebone,7,Fish,33,2013,2016,-3
8,44,197,774,1,2013-11-01T00:00:00Z,Whalebone,7,Invert,8,2013,2016,-3
3,44,197,775,1,2013-11-01T00:00:00Z,Whalebone,7,Fish,8,2013,2016,-3
7,44,197,775,1,2013-11-01T00:00:00Z,Whalebone,7,Invert,7,2013,2016,-3
7,44,197,776,1,2013-11-01T00:00:00Z,Whalebone,7,Fish,16,2013,2016,-3
12,44,197,776,1,2013-11-01T00:00:00Z,Whalebone,7,Invert,13,2013,2016,-3
14,44,198,777,1,2017-04-15T00:00:00Z,Whalebone,7,Fish,36,2017,2016,1
11,44,198,777,1,2017-04-15T00:00:00Z,Whalebone,7,Invert,11,2017,2016,1
14,44,198,778,1,2017-04-15T00:00:00Z,Whalebone,7,Fish,31,2017,2016,1
14,44,198,778,1,2017-04-15T00:00:00Z,Whalebone,7,Invert,14,2017,2016,1
13,44,198,779,1,2017-04-15T00:00:00Z,Whalebone,7,Fish,30,2017,2016,1
14,44,198,779,1,2017-04-15T00:00:00Z,Whalebone,7,Invert,14,2017,2016,1
16,44,198,780,1,2017-04-15T00:00:00Z,Whalebone,7,Fish,43,2017,2016,1
11,44,198,780,1,2017-04-15T00:00:00Z,Whalebone,7,Invert,11,2017,2016,1
17,44,199,781,1,2018-01-27T00:00:00Z,Whalebone,7,Fish,48,2018,2016,2
13,44,199,781,1,2018-01-27T00:00:00Z,Whalebone,7,Invert,13,2018,2016,2
18,44,199,782,1,2018-01-27T00:00:00Z,Whalebone,7,Fish,46,2018,2016,2
15,44,199,782,1,2018-01-27T00:00:00Z,Whalebone,7,Invert,15,2018,2016,2
14,44,199,783,1,2018-01-27T00:00:00Z,Whalebone,7,Fish,37,2018,2016,2
12,44,199,783,1,2018-01-27T00:00:00Z,Whalebone,7,Invert,12,2018,2016,2
18,44,199,784,1,2018-01-27T00:00:00Z,Whalebone,7,Fish,46,2018,2016,2
14,44,199,784,1,2018-01-27T00:00:00Z,Whalebone,7,Invert,14,2018,2016,2
10,45,200,785,1,2013-02-26T00:00:00Z,Rapid Head East,4,Fish,13,2013,2016,-3
5,45,200,785,1,2013-02-26T00:00:00Z,Rapid Head East,4,Invert,5,2013,2016,-3
15,45,200,786,1,2013-02-26T00:00:00Z,Rapid Head East,4,Fish,31,2013,2016,-3
4,45,200,786,1,2013-02-26T00:00:00Z,Rapid Head East,4,Invert,4,2013,2016,-3
10,45,200,787,1,2013-02-26T00:00:00Z,Rapid Head East,4,Fish,18,2013,2016,-3
2,45,200,787,1,2013-02-26T00:00:00Z,Rapid Head East,4,Invert,2,2013,2016,-3
10,45,200,788,1,2013-02-26T00:00:00Z,Rapid Head East,4,Fish,21,2013,2016,-3
1,45,200,788,1,2013-02-26T00:00:00Z,Rapid Head East,4,Invert,1,2013,2016,-3
14,45,201,789,1,2011-02-03T00:00:00Z,Rapid Head East,4,Fish,27,2011,2016,-5
11,45,201,789,1,2011-02-03T00:00:00Z,Rapid Head East,4,Invert,11,2011,2016,-5
11,45,202,790,1,2012-01-31T00:00:00Z,Rapid Head East,4,Fish,20,2012,2016,-4
2,45,202,790,1,2012-01-31T00:00:00Z,Rapid Head East,4,Invert,2,2012,2016,-4
12,45,202,791,1,2012-01-31T00:00:00Z,Rapid Head East,4,Fish,14,2012,2016,-4
3,45,202,791,1,2012-01-31T00:00:00Z,Rapid Head East,4,Invert,3,2012,2016,-4
10,45,202,792,1,2012-01-31T00:00:00Z,Rapid Head East,4,Fish,20,2012,2016,-4
9,45,202,793,1,2012-01-31T00:00:00Z,Rapid Head East,4,Fish,17,2012,2016,-4
3,45,202,793,1,2012-01-31T00:00:00Z,Rapid Head East,4,Invert,3,2012,2016,-4
11,45,203,794,1,2014-02-05T00:00:00Z,Rapid Head East,4,Fish,19,2014,2016,-2
2,45,203,794,1,2014-02-05T00:00:00Z,Rapid Head East,4,Invert,2,2014,2016,-2
13,45,203,795,1,2014-02-05T00:00:00Z,Rapid Head East,4,Fish,23,2014,2016,-2
3,45,203,795,1,2014-02-05T00:00:00Z,Rapid Head East,4,Invert,3,2014,2016,-2
12,45,203,796,1,2014-02-05T00:00:00Z,Rapid Head East,4,Fish,29,2014,2016,-2
1,45,203,796,1,2014-02-05T00:00:00Z,Rapid Head East,4,Invert,1,2014,2016,-2
10,45,203,797,1,2014-02-05T00:00:00Z,Rapid Head East,4,Fish,21,2014,2016,-2
2,45,203,797,1,2014-02-05T00:00:00Z,Rapid Head East,4,Invert,2,2014,2016,-2
14,45,204,798,1,2016-02-09T00:00:00Z,Rapid Head East,4,Fish,25,2016,2016,0
3,45,204,798,1,2016-02-09T00:00:00Z,Rapid Head East,4,Invert,3,2016,2016,0
14,45,204,799,1,2016-02-09T00:00:00Z,Rapid Head East,4,Fish,31,2016,2016,0
3,45,204,799,1,2016-02-09T00:00:00Z,Rapid Head East,4,Invert,3,2016,2016,0
15,45,204,800,1,2016-02-09T00:00:00Z,Rapid Head East,4,Fish,31,2016,2016,0
10,45,204,800,1,2016-02-09T00:00:00Z,Rapid Head East,4,Invert,10,2016,2016,0
13,45,204,801,1,2016-02-09T00:00:00Z,Rapid Head East,4,Fish,34,2016,2016,0
3,45,204,801,1,2016-02-09T00:00:00Z,Rapid Head East,4,Invert,3,2016,2016,0
26,45,205,802,1,2017-03-25T00:00:00Z,Rapid Head East,4,Fish,48,2017,2016,1
6,45,205,802,1,2017-03-25T00:00:00Z,Rapid Head East,4,Invert,6,2017,2016,1
21,45,205,803,1,2017-03-25T00:00:00Z,Rapid Head East,4,Fish,41,2017,2016,1
2,45,205,803,1,2017-03-25T00:00:00Z,Rapid Head East,4,Invert,2,2017,2016,1
20,45,205,804,1,2017-03-25T00:00:00Z,Rapid Head East,4,Fish,39,2017,2016,1
3,45,205,804,1,2017-03-25T00:00:00Z,Rapid Head East,4,Invert,3,2017,2016,1
14,45,205,805,1,2017-03-25T00:00:00Z,Rapid Head East,4,Fish,22,2017,2016,1
3,45,205,805,1,2017-03-25T00:00:00Z,Rapid Head East,4,Invert,3,2017,2016,1
11,45,206,806,1,2018-05-16T00:00:00Z,Rapid Head East,4,Fish,21,2018,2016,2
8,45,206,806,1,2018-05-16T00:00:00Z,Rapid Head East,4,Invert,8,2018,2016,2
18,45,206,807,1,2018-05-16T00:00:00Z,Rapid Head East,4,Fish,28,2018,2016,2
5,45,206,807,1,2018-05-16T00:00:00Z,Rapid Head East,4,Invert,5,2018,2016,2
17,45,206,808,1,2018-05-16T00:00:00Z,Rapid Head East,4,Fish,26,2018,2016,2
6,45,206,808,1,2018-05-16T00:00:00Z,Rapid Head East,4,Invert,6,2018,2016,2
19,45,206,809,1,2018-05-16T00:00:00Z,Rapid Head East,4,Fish,39,2018,2016,2
7,45,206,809,1,2018-05-16T00:00:00Z,Rapid Head East,4,Invert,7,2018,2016,2
13,51,224,878,1,2013-02-28T00:00:00Z,Carrickalinga North3,4,Fish,20,2013,2016,-3
8,51,224,878,1,2013-02-28T00:00:00Z,Carrickalinga North3,4,Invert,8,2013,2016,-3
13,51,224,879,1,2013-02-28T00:00:00Z,Carrickalinga North3,4,Fish,29,2013,2016,-3
11,51,224,879,1,2013-02-28T00:00:00Z,Carrickalinga North3,4,Invert,12,2013,2016,-3
15,51,224,880,1,2013-02-28T00:00:00Z,Carrickalinga North3,4,Fish,27,2013,2016,-3
5,51,224,880,1,2013-02-28T00:00:00Z,Carrickalinga North3,4,Invert,5,2013,2016,-3
12,51,224,881,1,2013-02-28T00:00:00Z,Carrickalinga North3,4,Fish,19,2013,2016,-3
5,51,224,881,1,2013-02-28T00:00:00Z,Carrickalinga North3,4,Invert,5,2013,2016,-3
14,51,225,882,1,2016-02-11T00:00:00Z,Carrickalinga North3,4,Fish,26,2016,2016,0
6,51,225,882,1,2016-02-11T00:00:00Z,Carrickalinga North3,4,Invert,6,2016,2016,0
14,51,225,883,1,2016-02-11T00:00:00Z,Carrickalinga North3,4,Fish,25,2016,2016,0
14,51,225,883,1,2016-02-11T00:00:00Z,Carrickalinga North3,4,Invert,14,2016,2016,0
16,51,225,884,1,2016-02-11T00:00:00Z,Carrickalinga North3,4,Fish,26,2016,2016,0
4,51,225,884,1,2016-02-11T00:00:00Z,Carrickalinga North3,4,Invert,4,2016,2016,0
16,51,225,885,1,2016-02-11T00:00:00Z,Carrickalinga North3,4,Fish,26,2016,2016,0
3,51,225,885,1,2016-02-11T00:00:00Z,Carrickalinga North3,4,Invert,3,2016,2016,0
19,51,226,886,1,2017-03-26T00:00:00Z,Carrickalinga North3,4,Fish,33,2017,2016,1
8,51,226,886,1,2017-03-26T00:00:00Z,Carrickalinga North3,4,Invert,8,2017,2016,1
23,51,226,887,1,2017-03-26T00:00:00Z,Carrickalinga North3,4,Fish,37,2017,2016,1
3,51,226,887,1,2017-03-26T00:00:00Z,Carrickalinga North3,4,Invert,3,2017,2016,1
21,51,226,888,1,2017-03-26T00:00:00Z,Carrickalinga North3,4,Fish,39,2017,2016,1
7,51,226,888,1,2017-03-26T00:00:00Z,Carrickalinga North3,4,Invert,7,2017,2016,1
15,51,226,889,1,2017-03-26T00:00:00Z,Carrickalinga North3,4,Fish,25,2017,2016,1
1,51,226,889,1,2017-03-26T00:00:00Z,Carrickalinga North3,4,Invert,1,2017,2016,1
12,51,227,890,1,2018-03-13T00:00:00Z,Carrickalinga North3,4,Fish,21,2018,2016,2
2,51,227,890,1,2018-03-13T00:00:00Z,Carrickalinga North3,4,Invert,2,2018,2016,2
12,51,227,891,1,2018-03-13T00:00:00Z,Carrickalinga North3,4,Fish,20,2018,2016,2
3,51,227,891,1,2018-03-13T00:00:00Z,Carrickalinga North3,4,Invert,3,2018,2016,2
14,51,227,892,1,2018-03-13T00:00:00Z,Carrickalinga North3,4,Fish,24,2018,2016,2
5,51,227,892,1,2018-03-13T00:00:00Z,Carrickalinga North3,4,Invert,5,2018,2016,2
16,51,227,893,1,2018-03-13T00:00:00Z,Carrickalinga North3,4,Fish,35,2018,2016,2
9,51,227,893,1,2018-03-13T00:00:00Z,Carrickalinga North3,4,Invert,9,2018,2016,2
20,181,382,1494,1,2008-02-07T00:00:00Z,Rapid Bay Jetty,4,Fish,41,2008,2016,-8
4,181,382,1494,1,2008-02-07T00:00:00Z,Rapid Bay Jetty,4,Invert,5,2008,2016,-8
23,181,382,1495,1,2008-02-07T00:00:00Z,Rapid Bay Jetty,4,Fish,52,2008,2016,-8
28,181,383,1496,1,2011-02-03T00:00:00Z,Rapid Bay Jetty,4,Fish,59,2011,2016,-5
7,181,383,1496,1,2011-02-03T00:00:00Z,Rapid Bay Jetty,4,Invert,7,2011,2016,-5
18,181,384,1497,1,2012-01-31T00:00:00Z,Rapid Bay Jetty,4,Fish,31,2012,2016,-4
6,181,384,1497,1,2012-01-31T00:00:00Z,Rapid Bay Jetty,4,Invert,6,2012,2016,-4
15,181,384,1498,1,2012-01-31T00:00:00Z,Rapid Bay Jetty,4,Fish,36,2012,2016,-4
9,181,384,1498,1,2012-01-31T00:00:00Z,Rapid Bay Jetty,4,Invert,9,2012,2016,-4
22,181,384,1499,1,2012-01-31T00:00:00Z,Rapid Bay Jetty,4,Fish,64,2012,2016,-4
23,181,385,1500,1,2014-01-26T00:00:00Z,Rapid Bay Jetty,4,Fish,53,2014,2016,-2
5,181,385,1500,1,2014-01-26T00:00:00Z,Rapid Bay Jetty,4,Invert,5,2014,2016,-2
21,181,385,1501,1,2014-01-26T00:00:00Z,Rapid Bay Jetty,4,Fish,53,2014,2016,-2
8,181,385,1501,1,2014-01-26T00:00:00Z,Rapid Bay Jetty,4,Invert,8,2014,2016,-2
29,181,385,1502,1,2014-01-26T00:00:00Z,Rapid Bay Jetty,4,Fish,78,2014,2016,-2
2,181,385,1502,1,2014-01-26T00:00:00Z,Rapid Bay Jetty,4,Invert,2,2014,2016,-2
19,181,386,1503,1,2014-02-05T00:00:00Z,Rapid Bay Jetty,4,Fish,42,2014,2016,-2
2,181,386,1503,1,2014-02-05T00:00:00Z,Rapid Bay Jetty,4,Invert,2,2014,2016,-2
26,181,386,1504,1,2014-02-05T00:00:00Z,Rapid Bay Jetty,4,Fish,50,2014,2016,-2
5,181,386,1504,1,2014-02-05T00:00:00Z,Rapid Bay Jetty,4,Invert,5,2014,2016,-2
20,181,386,1505,1,2014-02-05T00:00:00Z,Rapid Bay Jetty,4,Fish,38,2014,2016,-2
5,181,386,1505,1,2014-02-05T00:00:00Z,Rapid Bay Jetty,4,Invert,5,2014,2016,-2
10,181,386,1506,1,2014-02-05T00:00:00Z,Rapid Bay Jetty,4,Fish,16,2014,2016,-2
8,181,386,1506,1,2014-02-05T00:00:00Z,Rapid Bay Jetty,4,Invert,8,2014,2016,-2
23,181,387,1507,1,2017-03-20T00:00:00Z,Rapid Bay Jetty,4,Fish,51,2017,2016,1
14,181,387,1507,1,2017-03-20T00:00:00Z,Rapid Bay Jetty,4,Invert,14,2017,2016,1
18,181,387,1508,1,2017-03-20T00:00:00Z,Rapid Bay Jetty,4,Fish,49,2017,2016,1
11,181,387,1508,1,2017-03-20T00:00:00Z,Rapid Bay Jetty,4,Invert,11,2017,2016,1
20,181,387,1509,1,2017-03-20T00:00:00Z,Rapid Bay Jetty,4,Fish,50,2017,2016,1
11,181,387,1509,1,2017-03-20T00:00:00Z,Rapid Bay Jetty,4,Invert,11,2017,2016,1
21,181,387,1510,1,2017-03-20T00:00:00Z,Rapid Bay Jetty,4,Fish,43,2017,2016,1
8,181,387,1510,1,2017-03-20T00:00:00Z,Rapid Bay Jetty,4,Invert,8,2017,2016,1
32,181,387,1511,1,2017-03-20T00:00:00Z,Rapid Bay Jetty,4,Fish,84,2017,2016,1
7,181,387,1511,1,2017-03-20T00:00:00Z,Rapid Bay Jetty,4,Invert,7,2017,2016,1
30,181,388,1512,1,2018-01-24T00:00:00Z,Rapid Bay Jetty,4,Fish,75,2018,2016,2
12,181,388,1512,1,2018-01-24T00:00:00Z,Rapid Bay Jetty,4,Invert,12,2018,2016,2
19,181,388,1513,1,2018-01-24T00:00:00Z,Rapid Bay Jetty,4,Fish,48,2018,2016,2
13,181,388,1513,1,2018-01-24T00:00:00Z,Rapid Bay Jetty,4,Invert,13,2018,2016,2
31,181,388,1514,1,2018-01-24T00:00:00Z,Rapid Bay Jetty,4,Fish,70,2018,2016,2
10,181,388,1514,1,2018-01-24T00:00:00Z,Rapid Bay Jetty,4,Invert,10,2018,2016,2
27,181,388,1515,1,2018-01-24T00:00:00Z,Rapid Bay Jetty,4,Fish,60,2018,2016,2
12,181,388,1515,1,2018-01-24T00:00:00Z,Rapid Bay Jetty,4,Invert,12,2018,2016,2
24,181,388,1516,1,2018-01-24T00:00:00Z,Rapid Bay Jetty,4,Fish,55,2018,2016,2
13,181,388,1516,1,2018-01-24T00:00:00Z,Rapid Bay Jetty,4,Invert,13,2018,2016,2
8,259,482,1798,1,2013-03-04T00:00:00Z,Olivers Reef,7,Fish,18,2013,2016,-3
13,259,482,1798,1,2013-03-04T00:00:00Z,Olivers Reef,7,Invert,13,2013,2016,-3
9,259,482,1799,1,2013-03-04T00:00:00Z,Olivers Reef,7,Fish,18,2013,2016,-3
12,259,482,1799,1,2013-03-04T00:00:00Z,Olivers Reef,7,Invert,12,2013,2016,-3
10,259,482,1800,1,2013-03-04T00:00:00Z,Olivers Reef,7,Fish,14,2013,2016,-3
12,259,482,1800,1,2013-03-04T00:00:00Z,Olivers Reef,7,Invert,12,2013,2016,-3
11,259,482,1801,1,2013-03-04T00:00:00Z,Olivers Reef,7,Fish,17,2013,2016,-3
8,259,482,1801,1,2013-03-04T00:00:00Z,Olivers Reef,7,Invert,8,2013,2016,-3
6,259,483,1802,1,2013-11-02T00:00:00Z,Olivers Reef,7,Fish,12,2013,2016,-3
11,259,483,1802,1,2013-11-02T00:00:00Z,Olivers Reef,7,Invert,11,2013,2016,-3
9,259,483,1803,1,2013-11-02T00:00:00Z,Olivers Reef,7,Fish,18,2013,2016,-3
11,259,483,1803,1,2013-11-02T00:00:00Z,Olivers Reef,7,Invert,11,2013,2016,-3
9,259,483,1804,1,2013-11-02T00:00:00Z,Olivers Reef,7,Fish,15,2013,2016,-3
11,259,483,1804,1,2013-11-02T00:00:00Z,Olivers Reef,7,Invert,11,2013,2016,-3
6,259,483,1805,1,2013-11-02T00:00:00Z,Olivers Reef,7,Fish,10,2013,2016,-3
9,259,483,1805,1,2013-11-02T00:00:00Z,Olivers Reef,7,Invert,9,2013,2016,-3
4,259,484,1806,1,2017-04-14T00:00:00Z,Olivers Reef,7,Fish,7,2017,2016,1
10,259,484,1806,1,2017-04-14T00:00:00Z,Olivers Reef,7,Invert,10,2017,2016,1
4,259,484,1807,1,2017-04-14T00:00:00Z,Olivers Reef,7,Fish,6,2017,2016,1
10,259,484,1807,1,2017-04-14T00:00:00Z,Olivers Reef,7,Invert,10,2017,2016,1
9,259,484,1808,1,2017-04-14T00:00:00Z,Olivers Reef,7,Fish,11,2017,2016,1
15,259,484,1808,1,2017-04-14T00:00:00Z,Olivers Reef,7,Invert,16,2017,2016,1
11,259,484,1809,1,2017-04-14T00:00:00Z,Olivers Reef,7,Fish,23,2017,2016,1
17,259,484,1809,1,2017-04-14T00:00:00Z,Olivers Reef,7,Invert,17,2017,2016,1
10,259,485,1810,1,2018-01-27T00:00:00Z,Olivers Reef,7,Fish,12,2018,2016,2
14,259,485,1810,1,2018-01-27T00:00:00Z,Olivers Reef,7,Invert,14,2018,2016,2
4,259,485,1811,1,2018-01-27T00:00:00Z,Olivers Reef,7,Fish,4,2018,2016,2
12,259,485,1811,1,2018-01-27T00:00:00Z,Olivers Reef,7,Invert,12,2018,2016,2
12,259,485,1812,1,2018-01-27T00:00:00Z,Olivers Reef,7,Fish,26,2018,2016,2
13,259,485,1812,1,2018-01-27T00:00:00Z,Olivers Reef,7,Invert,13,2018,2016,2
6,259,485,1813,1,2018-01-27T00:00:00Z,Olivers Reef,7,Fish,11,2018,2016,2
14,259,485,1813,1,2018-01-27T00:00:00Z,Olivers Reef,7,Invert,14,2018,2016,2
1,263,489,1826,1,2012-11-30T00:00:00Z,Normanville Beach,4,Fish,1,2012,2016,-4
6,263,489,1826,1,2012-11-30T00:00:00Z,Normanville Beach,4,Invert,6,2012,2016,-4
4,263,489,1827,1,2012-11-30T00:00:00Z,Normanville Beach,4,Fish,7,2012,2016,-4
8,263,489,1827,1,2012-11-30T00:00:00Z,Normanville Beach,4,Invert,8,2012,2016,-4
2,263,489,1828,1,2012-11-30T00:00:00Z,Normanville Beach,4,Fish,2,2012,2016,-4
7,263,489,1828,1,2012-11-30T00:00:00Z,Normanville Beach,4,Invert,7,2012,2016,-4
2,263,489,1829,1,2012-11-30T00:00:00Z,Normanville Beach,4,Fish,2,2012,2016,-4
2,263,489,1829,1,2012-11-30T00:00:00Z,Normanville Beach,4,Invert,2,2012,2016,-4
5,263,490,1830,1,2013-04-08T00:00:00Z,Normanville Beach,4,Fish,7,2013,2016,-3
4,263,490,1830,1,2013-04-08T00:00:00Z,Normanville Beach,4,Invert,4,2013,2016,-3
4,263,490,1831,1,2013-04-08T00:00:00Z,Normanville Beach,4,Fish,5,2013,2016,-3
7,263,490,1831,1,2013-04-08T00:00:00Z,Normanville Beach,4,Invert,7,2013,2016,-3
2,263,490,1832,1,2013-04-08T00:00:00Z,Normanville Beach,4,Fish,2,2013,2016,-3
3,263,490,1832,1,2013-04-08T00:00:00Z,Normanville Beach,4,Invert,3,2013,2016,-3
2,263,490,1833,1,2013-04-08T00:00:00Z,Normanville Beach,4,Fish,3,2013,2016,-3
6,263,490,1833,1,2013-04-08T00:00:00Z,Normanville Beach,4,Invert,6,2013,2016,-3
6,263,491,1834,1,2017-03-15T00:00:00Z,Normanville Beach,4,Fish,7,2017,2016,1
4,263,491,1834,1,2017-03-15T00:00:00Z,Normanville Beach,4,Invert,4,2017,2016,1
3,263,491,1835,1,2017-03-15T00:00:00Z,Normanville Beach,4,Fish,3,2017,2016,1
3,263,491,1835,1,2017-03-15T00:00:00Z,Normanville Beach,4,Invert,3,2017,2016,1
3,263,491,1836,1,2017-03-15T00:00:00Z,Normanville Beach,4,Fish,4,2017,2016,1
4,263,491,1836,1,2017-03-15T00:00:00Z,Normanville Beach,4,Invert,4,2017,2016,1
1,263,491,1837,1,2017-03-15T00:00:00Z,Normanville Beach,4,Fish,1,2017,2016,1
4,263,491,1837,1,2017-03-15T00:00:00Z,Normanville Beach,4,Invert,4,2017,2016,1
4,263,492,1838,1,2018-02-20T00:00:00Z,Normanville Beach,4,Fish,4,2018,2016,2
4,263,492,1838,1,2018-02-20T00:00:00Z,Normanville Beach,4,Invert,4,2018,2016,2
6,263,492,1839,1,2018-02-20T00:00:00Z,Normanville Beach,4,Fish,7,2018,2016,2
3,263,492,1839,1,2018-02-20T00:00:00Z,Normanville Beach,4,Invert,3,2018,2016,2
8,263,492,1840,1,2018-02-20T00:00:00Z,Normanville Beach,4,Fish,9,2018,2016,2
1,263,492,1840,1,2018-02-20T00:00:00Z,Normanville Beach,4,Invert,1,2018,2016,2
4,263,492,1841,1,2018-02-20T00:00:00Z,Normanville Beach,4,Fish,4,2018,2016,2
1,263,492,1841,1,2018-02-20T00:00:00Z,Normanville Beach,4,Invert,1,2018,2016,2
4,296,501,1863,1,2015-09-04T00:00:00Z,Southport,3,Fish,4,2015,2016,-1
12,296,501,1863,1,2015-09-04T00:00:00Z,Southport,3,Invert,12,2015,2016,-1
2,296,501,1864,1,2015-09-04T00:00:00Z,Southport,3,Fish,2,2015,2016,-1
10,296,501,1864,1,2015-09-04T00:00:00Z,Southport,3,Invert,10,2015,2016,-1
9,296,501,1865,1,2015-09-04T00:00:00Z,Southport,3,Invert,9,2015,2016,-1
6,296,501,1866,1,2015-09-04T00:00:00Z,Southport,3,Fish,7,2015,2016,-1
11,296,501,1866,1,2015-09-04T00:00:00Z,Southport,3,Invert,11,2015,2016,-1
10,296,502,1867,1,2016-03-26T00:00:00Z,Southport,3,Fish,11,2016,2016,0
7,296,502,1867,1,2016-03-26T00:00:00Z,Southport,3,Invert,7,2016,2016,0
4,296,502,1868,1,2016-03-26T00:00:00Z,Southport,3,Fish,6,2016,2016,0
10,296,502,1868,1,2016-03-26T00:00:00Z,Southport,3,Invert,10,2016,2016,0
5,296,502,1869,1,2016-03-26T00:00:00Z,Southport,3,Fish,5,2016,2016,0
3,296,502,1869,1,2016-03-26T00:00:00Z,Southport,3,Invert,3,2016,2016,0
4,296,502,1870,1,2016-03-26T00:00:00Z,Southport,3,Fish,7,2016,2016,0
4,296,502,1870,1,2016-03-26T00:00:00Z,Southport,3,Invert,4,2016,2016,0
3,296,503,1871,1,2017-03-23T00:00:00Z,Southport,3,Fish,3,2017,2016,1
5,296,503,1871,1,2017-03-23T00:00:00Z,Southport,3,Invert,5,2017,2016,1
6,296,503,1872,1,2017-03-23T00:00:00Z,Southport,3,Fish,6,2017,2016,1
7,296,503,1872,1,2017-03-23T00:00:00Z,Southport,3,Invert,7,2017,2016,1
12,296,503,1873,1,2017-03-23T00:00:00Z,Southport,3,Fish,23,2017,2016,1
8,296,503,1873,1,2017-03-23T00:00:00Z,Southport,3,Invert,8,2017,2016,1
5,296,503,1874,1,2017-03-23T00:00:00Z,Southport,3,Fish,6,2017,2016,1
7,296,503,1874,1,2017-03-23T00:00:00Z,Southport,3,Invert,7,2017,2016,1
8,296,504,1875,1,2018-01-23T00:00:00Z,Southport,3,Fish,8,2018,2016,2
3,296,504,1875,1,2018-01-23T00:00:00Z,Southport,3,Invert,3,2018,2016,2
3,296,504,1876,1,2018-01-23T00:00:00Z,Southport,3,Fish,4,2018,2016,2
9,296,504,1876,1,2018-01-23T00:00:00Z,Southport,3,Invert,9,2018,2016,2
9,296,504,1877,1,2018-01-23T00:00:00Z,Southport,3,Fish,17,2018,2016,2
9,296,504,1877,1,2018-01-23T00:00:00Z,Southport,3,Invert,9,2018,2016,2
9,296,504,1878,1,2018-01-23T00:00:00Z,Southport,3,Fish,10,2018,2016,2
5,296,504,1878,1,2018-01-23T00:00:00Z,Southport,3,Invert,5,2018,2016,2
5,297,505,1879,1,2015-08-31T00:00:00Z,Semaphore Reef,1,Fish,7,2015,2016,-1
12,297,505,1879,1,2015-08-31T00:00:00Z,Semaphore Reef,1,Invert,12,2015,2016,-1
1,297,505,1880,1,2015-08-31T00:00:00Z,Semaphore Reef,1,Fish,1,2015,2016,-1
12,297,505,1880,1,2015-08-31T00:00:00Z,Semaphore Reef,1,Invert,12,2015,2016,-1
1,297,505,1881,1,2015-08-31T00:00:00Z,Semaphore Reef,1,Fish,1,2015,2016,-1
10,297,505,1881,1,2015-08-31T00:00:00Z,Semaphore Reef,1,Invert,10,2015,2016,-1
3,297,505,1882,1,2015-08-31T00:00:00Z,Semaphore Reef,1,Fish,6,2015,2016,-1
11,297,505,1882,1,2015-08-31T00:00:00Z,Semaphore Reef,1,Invert,11,2015,2016,-1
8,297,506,1883,1,2016-02-19T00:00:00Z,Semaphore Reef,1,Fish,9,2016,2016,0
5,297,506,1883,1,2016-02-19T00:00:00Z,Semaphore Reef,1,Invert,5,2016,2016,0
10,297,506,1884,1,2016-02-19T00:00:00Z,Semaphore Reef,1,Fish,12,2016,2016,0
8,297,506,1884,1,2016-02-19T00:00:00Z,Semaphore Reef,1,Invert,8,2016,2016,0
6,297,506,1885,1,2016-02-19T00:00:00Z,Semaphore Reef,1,Fish,7,2016,2016,0
8,297,506,1885,1,2016-02-19T00:00:00Z,Semaphore Reef,1,Invert,8,2016,2016,0
6,297,506,1886,1,2016-02-19T00:00:00Z,Semaphore Reef,1,Fish,8,2016,2016,0
9,297,506,1886,1,2016-02-19T00:00:00Z,Semaphore Reef,1,Invert,9,2016,2016,0
8,297,507,1887,1,2017-02-16T00:00:00Z,Semaphore Reef,1,Fish,9,2017,2016,1
8,297,507,1887,1,2017-02-16T00:00:00Z,Semaphore Reef,1,Invert,8,2017,2016,1
6,297,507,1888,1,2017-02-16T00:00:00Z,Semaphore Reef,1,Fish,8,2017,2016,1
9,297,507,1888,1,2017-02-16T00:00:00Z,Semaphore Reef,1,Invert,9,2017,2016,1
6,297,507,1889,1,2017-02-16T00:00:00Z,Semaphore Reef,1,Fish,6,2017,2016,1
4,297,507,1889,1,2017-02-16T00:00:00Z,Semaphore Reef,1,Invert,4,2017,2016,1
8,297,507,1890,1,2017-02-16T00:00:00Z,Semaphore Reef,1,Fish,9,2017,2016,1
3,297,507,1890,1,2017-02-16T00:00:00Z,Semaphore Reef,1,Invert,3,2017,2016,1
5,297,508,1891,1,2018-01-25T00:00:00Z,Semaphore Reef,1,Fish,5,2018,2016,2
4,297,508,1891,1,2018-01-25T00:00:00Z,Semaphore Reef,1,Invert,4,2018,2016,2
5,297,508,1892,1,2018-01-25T00:00:00Z,Semaphore Reef,1,Fish,5,2018,2016,2
4,297,508,1892,1,2018-01-25T00:00:00Z,Semaphore Reef,1,Invert,4,2018,2016,2
3,297,508,1893,1,2018-01-25T00:00:00Z,Semaphore Reef,1,Fish,4,2018,2016,2
2,297,508,1893,1,2018-01-25T00:00:00Z,Semaphore Reef,1,Invert,2,2018,2016,2
6,297,508,1894,1,2018-01-25T00:00:00Z,Semaphore Reef,1,Fish,8,2018,2016,2
3,297,508,1894,1,2018-01-25T00:00:00Z,Semaphore Reef,1,Invert,3,2018,2016,2
6,298,509,1895,1,2015-09-18T00:00:00Z,Seacliff Reef,2,Fish,8,2015,2016,-1
8,298,509,1895,1,2015-09-18T00:00:00Z,Seacliff Reef,2,Invert,8,2015,2016,-1
11,298,509,1896,1,2015-09-18T00:00:00Z,Seacliff Reef,2,Fish,19,2015,2016,-1
10,298,509,1896,1,2015-09-18T00:00:00Z,Seacliff Reef,2,Invert,10,2015,2016,-1
17,298,509,1897,1,2015-09-18T00:00:00Z,Seacliff Reef,2,Fish,27,2015,2016,-1
9,298,509,1897,1,2015-09-18T00:00:00Z,Seacliff Reef,2,Invert,9,2015,2016,-1
20,298,509,1898,1,2015-09-18T00:00:00Z,Seacliff Reef,2,Fish,37,2015,2016,-1
10,298,509,1898,1,2015-09-18T00:00:00Z,Seacliff Reef,2,Invert,10,2015,2016,-1
25,298,510,1899,1,2016-03-02T00:00:00Z,Seacliff Reef,2,Fish,49,2016,2016,0
11,298,510,1899,1,2016-03-02T00:00:00Z,Seacliff Reef,2,Invert,11,2016,2016,0
22,298,510,1900,1,2016-03-02T00:00:00Z,Seacliff Reef,2,Fish,57,2016,2016,0
7,298,510,1900,1,2016-03-02T00:00:00Z,Seacliff Reef,2,Invert,7,2016,2016,0
14,298,510,1901,1,2016-03-02T00:00:00Z,Seacliff Reef,2,Fish,33,2016,2016,0
8,298,510,1901,1,2016-03-02T00:00:00Z,Seacliff Reef,2,Invert,8,2016,2016,0
25,298,510,1902,1,2016-03-02T00:00:00Z,Seacliff Reef,2,Fish,48,2016,2016,0
5,298,510,1902,1,2016-03-02T00:00:00Z,Seacliff Reef,2,Invert,5,2016,2016,0
9,298,511,1903,1,2017-03-06T00:00:00Z,Seacliff Reef,2,Fish,17,2017,2016,1
5,298,511,1903,1,2017-03-06T00:00:00Z,Seacliff Reef,2,Invert,5,2017,2016,1
21,298,511,1904,1,2017-03-06T00:00:00Z,Seacliff Reef,2,Fish,40,2017,2016,1
10,298,511,1904,1,2017-03-06T00:00:00Z,Seacliff Reef,2,Invert,10,2017,2016,1
24,298,511,1905,1,2017-03-06T00:00:00Z,Seacliff Reef,2,Fish,57,2017,2016,1
4,298,511,1905,1,2017-03-06T00:00:00Z,Seacliff Reef,2,Invert,4,2017,2016,1
22,298,511,1906,1,2017-03-06T00:00:00Z,Seacliff Reef,2,Fish,50,2017,2016,1
10,298,511,1906,1,2017-03-06T00:00:00Z,Seacliff Reef,2,Invert,10,2017,2016,1
12,298,512,1907,1,2018-02-21T00:00:00Z,Seacliff Reef,2,Fish,24,2018,2016,2
9,298,512,1907,1,2018-02-21T00:00:00Z,Seacliff Reef,2,Invert,9,2018,2016,2
17,298,512,1908,1,2018-02-21T00:00:00Z,Seacliff Reef,2,Fish,34,2018,2016,2
6,298,512,1908,1,2018-02-21T00:00:00Z,Seacliff Reef,2,Invert,6,2018,2016,2
21,298,512,1909,1,2018-02-21T00:00:00Z,Seacliff Reef,2,Fish,52,2018,2016,2
7,298,512,1909,1,2018-02-21T00:00:00Z,Seacliff Reef,2,Invert,7,2018,2016,2
21,298,512,1910,1,2018-02-21T00:00:00Z,Seacliff Reef,2,Fish,66,2018,2016,2
5,298,512,1910,1,2018-02-21T00:00:00Z,Seacliff Reef,2,Invert,5,2018,2016,2
4,300,515,1919,1,2015-10-30T00:00:00Z,Parham Reef,1,Fish,5,2015,2016,-1
4,300,515,1919,1,2015-10-30T00:00:00Z,Parham Reef,1,Invert,4,2015,2016,-1
2,300,515,1920,1,2015-10-30T00:00:00Z,Parham Reef,1,Fish,4,2015,2016,-1
8,300,515,1920,1,2015-10-30T00:00:00Z,Parham Reef,1,Invert,8,2015,2016,-1
2,300,515,1921,1,2015-10-30T00:00:00Z,Parham Reef,1,Fish,6,2015,2016,-1
9,300,515,1921,1,2015-10-30T00:00:00Z,Parham Reef,1,Invert,9,2015,2016,-1
3,300,515,1922,1,2015-10-30T00:00:00Z,Parham Reef,1,Fish,8,2015,2016,-1
9,300,515,1922,1,2015-10-30T00:00:00Z,Parham Reef,1,Invert,9,2015,2016,-1
8,300,516,1923,1,2016-02-20T00:00:00Z,Parham Reef,1,Fish,15,2016,2016,0
5,300,516,1923,1,2016-02-20T00:00:00Z,Parham Reef,1,Invert,5,2016,2016,0
5,300,516,1924,1,2016-02-20T00:00:00Z,Parham Reef,1,Fish,9,2016,2016,0
8,300,516,1924,1,2016-02-20T00:00:00Z,Parham Reef,1,Invert,8,2016,2016,0
5,300,516,1925,1,2016-02-20T00:00:00Z,Parham Reef,1,Fish,9,2016,2016,0
4,300,516,1925,1,2016-02-20T00:00:00Z,Parham Reef,1,Invert,4,2016,2016,0
4,300,516,1926,1,2016-02-20T00:00:00Z,Parham Reef,1,Fish,8,2016,2016,0
6,300,516,1926,1,2016-02-20T00:00:00Z,Parham Reef,1,Invert,6,2016,2016,0
8,300,517,1927,1,2017-03-21T00:00:00Z,Parham Reef,1,Fish,13,2017,2016,1
10,300,517,1927,1,2017-03-21T00:00:00Z,Parham Reef,1,Invert,10,2017,2016,1
7,300,517,1928,1,2017-03-21T00:00:00Z,Parham Reef,1,Fish,19,2017,2016,1
6,300,517,1928,1,2017-03-21T00:00:00Z,Parham Reef,1,Invert,6,2017,2016,1
8,300,517,1929,1,2017-03-21T00:00:00Z,Parham Reef,1,Fish,18,2017,2016,1
4,300,517,1929,1,2017-03-21T00:00:00Z,Parham Reef,1,Invert,4,2017,2016,1
12,300,517,1930,1,2017-03-21T00:00:00Z,Parham Reef,1,Fish,22,2017,2016,1
7,300,517,1930,1,2017-03-21T00:00:00Z,Parham Reef,1,Invert,7,2017,2016,1
7,300,518,1931,1,2018-01-26T00:00:00Z,Parham Reef,1,Fish,12,2018,2016,2
4,300,518,1931,1,2018-01-26T00:00:00Z,Parham Reef,1,Invert,4,2018,2016,2
5,300,518,1932,1,2018-01-26T00:00:00Z,Parham Reef,1,Fish,9,2018,2016,2
7,300,518,1932,1,2018-01-26T00:00:00Z,Parham Reef,1,Invert,7,2018,2016,2
6,300,518,1933,1,2018-01-26T00:00:00Z,Parham Reef,1,Fish,8,2018,2016,2
7,300,518,1933,1,2018-01-26T00:00:00Z,Parham Reef,1,Invert,7,2018,2016,2
4,300,518,1934,1,2018-01-26T00:00:00Z,Parham Reef,1,Fish,6,2018,2016,2
4,300,518,1934,1,2018-01-26T00:00:00Z,Parham Reef,1,Invert,4,2018,2016,2
11,301,519,1935,1,2017-03-10T00:00:00Z,Noarlunga South Outside,3,Fish,25,2017,2016,1
6,301,519,1935,1,2017-03-10T00:00:00Z,Noarlunga South Outside,3,Invert,6,2017,2016,1
15,301,519,1936,1,2017-03-10T00:00:00Z,Noarlunga South Outside,3,Fish,34,2017,2016,1
9,301,519,1936,1,2017-03-10T00:00:00Z,Noarlunga South Outside,3,Invert,9,2017,2016,1
13,301,519,1937,1,2017-03-10T00:00:00Z,Noarlunga South Outside,3,Fish,30,2017,2016,1
8,301,519,1937,1,2017-03-10T00:00:00Z,Noarlunga South Outside,3,Invert,8,2017,2016,1
18,301,519,1938,1,2017-03-10T00:00:00Z,Noarlunga South Outside,3,Fish,33,2017,2016,1
7,301,519,1938,1,2017-03-10T00:00:00Z,Noarlunga South Outside,3,Invert,7,2017,2016,1
14,301,520,1939,1,2018-01-23T00:00:00Z,Noarlunga South Outside,3,Fish,33,2018,2016,2
7,301,520,1939,1,2018-01-23T00:00:00Z,Noarlunga South Outside,3,Invert,7,2018,2016,2
16,301,520,1940,1,2018-01-23T00:00:00Z,Noarlunga South Outside,3,Fish,44,2018,2016,2
7,301,520,1940,1,2018-01-23T00:00:00Z,Noarlunga South Outside,3,Invert,7,2018,2016,2
21,301,520,1941,1,2018-01-23T00:00:00Z,Noarlunga South Outside,3,Fish,52,2018,2016,2
8,301,520,1941,1,2018-01-23T00:00:00Z,Noarlunga South Outside,3,Invert,8,2018,2016,2
16,301,520,1942,1,2018-01-23T00:00:00Z,Noarlunga South Outside,3,Fish,44,2018,2016,2
9,301,520,1942,1,2018-01-23T00:00:00Z,Noarlunga South Outside,3,Invert,9,2018,2016,2
22,303,521,1943,1,2016-03-25T00:00:00Z,Noarlunga North Outside,3,Fish,46,2016,2016,0
14,303,521,1943,1,2016-03-25T00:00:00Z,Noarlunga North Outside,3,Invert,14,2016,2016,0
15,303,521,1944,1,2016-03-25T00:00:00Z,Noarlunga North Outside,3,Fish,32,2016,2016,0
9,303,521,1944,1,2016-03-25T00:00:00Z,Noarlunga North Outside,3,Invert,9,2016,2016,0
13,303,522,1945,1,2016-11-18T00:00:00Z,Noarlunga North Outside,3,Fish,31,2016,2016,0
11,303,522,1945,1,2016-11-18T00:00:00Z,Noarlunga North Outside,3,Invert,11,2016,2016,0
15,303,522,1946,1,2016-11-18T00:00:00Z,Noarlunga North Outside,3,Fish,31,2016,2016,0
13,303,522,1946,1,2016-11-18T00:00:00Z,Noarlunga North Outside,3,Invert,13,2016,2016,0
15,303,523,1947,1,2017-03-06T00:00:00Z,Noarlunga North Outside,3,Fish,35,2017,2016,1
10,303,523,1947,1,2017-03-06T00:00:00Z,Noarlunga North Outside,3,Invert,10,2017,2016,1
19,303,523,1948,1,2017-03-06T00:00:00Z,Noarlunga North Outside,3,Fish,48,2017,2016,1
12,303,523,1948,1,2017-03-06T00:00:00Z,Noarlunga North Outside,3,Invert,12,2017,2016,1
19,303,523,1949,1,2017-03-06T00:00:00Z,Noarlunga North Outside,3,Fish,42,2017,2016,1
12,303,523,1949,1,2017-03-06T00:00:00Z,Noarlunga North Outside,3,Invert,12,2017,2016,1
15,303,523,1950,1,2017-03-06T00:00:00Z,Noarlunga North Outside,3,Fish,38,2017,2016,1
10,303,523,1950,1,2017-03-06T00:00:00Z,Noarlunga North Outside,3,Invert,10,2017,2016,1
20,303,524,1951,1,2018-02-21T00:00:00Z,Noarlunga North Outside,3,Fish,52,2018,2016,2
15,303,524,1951,1,2018-02-21T00:00:00Z,Noarlunga North Outside,3,Invert,16,2018,2016,2
24,303,524,1952,1,2018-02-21T00:00:00Z,Noarlunga North Outside,3,Fish,62,2018,2016,2
12,303,524,1952,1,2018-02-21T00:00:00Z,Noarlunga North Outside,3,Invert,13,2018,2016,2
21,303,524,1953,1,2018-02-21T00:00:00Z,Noarlunga North Outside,3,Fish,67,2018,2016,2
12,303,524,1953,1,2018-02-21T00:00:00Z,Noarlunga North Outside,3,Invert,13,2018,2016,2
25,303,524,1954,1,2018-02-21T00:00:00Z,Noarlunga North Outside,3,Fish,68,2018,2016,2
12,303,524,1954,1,2018-02-21T00:00:00Z,Noarlunga North Outside,3,Invert,13,2018,2016,2
11,306,527,1959,1,2016-03-26T00:00:00Z,Moana Outside,3,Fish,18,2016,2016,0
9,306,527,1959,1,2016-03-26T00:00:00Z,Moana Outside,3,Invert,9,2016,2016,0
20,306,527,1960,1,2016-03-26T00:00:00Z,Moana Outside,3,Fish,36,2016,2016,0
11,306,527,1960,1,2016-03-26T00:00:00Z,Moana Outside,3,Invert,11,2016,2016,0
5,306,528,1961,1,2016-11-17T00:00:00Z,Moana Outside,3,Fish,6,2016,2016,0
15,306,528,1961,1,2016-11-17T00:00:00Z,Moana Outside,3,Invert,15,2016,2016,0
7,306,528,1962,1,2016-11-17T00:00:00Z,Moana Outside,3,Fish,10,2016,2016,0
13,306,528,1962,1,2016-11-17T00:00:00Z,Moana Outside,3,Invert,13,2016,2016,0
26,306,529,1963,1,2017-03-23T00:00:00Z,Moana Outside,3,Fish,54,2017,2016,1
13,306,529,1963,1,2017-03-23T00:00:00Z,Moana Outside,3,Invert,13,2017,2016,1
14,306,529,1964,1,2017-03-23T00:00:00Z,Moana Outside,3,Fish,26,2017,2016,1
12,306,529,1964,1,2017-03-23T00:00:00Z,Moana Outside,3,Invert,12,2017,2016,1
11,306,529,1965,1,2017-03-23T00:00:00Z,Moana Outside,3,Fish,17,2017,2016,1
13,306,529,1965,1,2017-03-23T00:00:00Z,Moana Outside,3,Invert,13,2017,2016,1
15,306,529,1966,1,2017-03-23T00:00:00Z,Moana Outside,3,Fish,30,2017,2016,1
10,306,529,1966,1,2017-03-23T00:00:00Z,Moana Outside,3,Invert,10,2017,2016,1
23,306,530,1967,1,2018-01-20T00:00:00Z,Moana Outside,3,Fish,50,2018,2016,2
10,306,530,1967,1,2018-01-20T00:00:00Z,Moana Outside,3,Invert,10,2018,2016,2
17,306,530,1968,1,2018-01-20T00:00:00Z,Moana Outside,3,Fish,30,2018,2016,2
7,306,530,1968,1,2018-01-20T00:00:00Z,Moana Outside,3,Invert,7,2018,2016,2
12,306,530,1969,1,2018-01-20T00:00:00Z,Moana Outside,3,Fish,21,2018,2016,2
6,306,530,1969,1,2018-01-20T00:00:00Z,Moana Outside,3,Invert,6,2018,2016,2
15,306,530,1970,1,2018-01-20T00:00:00Z,Moana Outside,3,Fish,20,2018,2016,2
12,306,530,1970,1,2018-01-20T00:00:00Z,Moana Outside,3,Invert,12,2018,2016,2
8,311,538,1990,1,2015-08-26T00:00:00Z,Horseshoe Inside,3,Fish,14,2015,2016,-1
14,311,538,1990,1,2015-08-26T00:00:00Z,Horseshoe Inside,3,Invert,14,2015,2016,-1
2,311,538,1991,1,2015-08-26T00:00:00Z,Horseshoe Inside,3,Fish,4,2015,2016,-1
8,311,538,1991,1,2015-08-26T00:00:00Z,Horseshoe Inside,3,Invert,8,2015,2016,-1
3,311,538,1992,1,2015-08-26T00:00:00Z,Horseshoe Inside,3,Fish,5,2015,2016,-1
8,311,538,1992,1,2015-08-26T00:00:00Z,Horseshoe Inside,3,Invert,8,2015,2016,-1
4,311,538,1993,1,2015-08-26T00:00:00Z,Horseshoe Inside,3,Fish,6,2015,2016,-1
8,311,538,1993,1,2015-08-26T00:00:00Z,Horseshoe Inside,3,Invert,8,2015,2016,-1
14,311,539,1994,1,2016-03-01T00:00:00Z,Horseshoe Inside,3,Fish,31,2016,2016,0
11,311,539,1994,1,2016-03-01T00:00:00Z,Horseshoe Inside,3,Invert,11,2016,2016,0
7,311,539,1995,1,2016-03-01T00:00:00Z,Horseshoe Inside,3,Fish,10,2016,2016,0
15,311,539,1995,1,2016-03-01T00:00:00Z,Horseshoe Inside,3,Invert,15,2016,2016,0
12,311,539,1996,1,2016-03-01T00:00:00Z,Horseshoe Inside,3,Fish,25,2016,2016,0
10,311,539,1996,1,2016-03-01T00:00:00Z,Horseshoe Inside,3,Invert,10,2016,2016,0
9,311,539,1997,1,2016-03-01T00:00:00Z,Horseshoe Inside,3,Fish,16,2016,2016,0
12,311,539,1997,1,2016-03-01T00:00:00Z,Horseshoe Inside,3,Invert,14,2016,2016,0
11,311,540,1998,1,2016-11-18T00:00:00Z,Horseshoe Inside,3,Fish,15,2016,2016,0
13,311,540,1998,1,2016-11-18T00:00:00Z,Horseshoe Inside,3,Invert,13,2016,2016,0
7,311,540,1999,1,2016-11-18T00:00:00Z,Horseshoe Inside,3,Fish,14,2016,2016,0
15,311,540,1999,1,2016-11-18T00:00:00Z,Horseshoe Inside,3,Invert,15,2016,2016,0
14,311,541,2e3,1,2017-03-10T00:00:00Z,Horseshoe Inside,3,Fish,23,2017,2016,1
12,311,541,2e3,1,2017-03-10T00:00:00Z,Horseshoe Inside,3,Invert,12,2017,2016,1
8,311,541,2001,1,2017-03-10T00:00:00Z,Horseshoe Inside,3,Fish,12,2017,2016,1
16,311,541,2001,1,2017-03-10T00:00:00Z,Horseshoe Inside,3,Invert,16,2017,2016,1
16,311,541,2002,1,2017-03-10T00:00:00Z,Horseshoe Inside,3,Fish,37,2017,2016,1
13,311,541,2002,1,2017-03-10T00:00:00Z,Horseshoe Inside,3,Invert,13,2017,2016,1
7,311,541,2003,1,2017-03-10T00:00:00Z,Horseshoe Inside,3,Fish,13,2017,2016,1
13,311,541,2003,1,2017-03-10T00:00:00Z,Horseshoe Inside,3,Invert,13,2017,2016,1
10,311,542,2004,1,2018-01-23T00:00:00Z,Horseshoe Inside,3,Fish,23,2018,2016,2
10,311,542,2004,1,2018-01-23T00:00:00Z,Horseshoe Inside,3,Invert,10,2018,2016,2
6,311,542,2005,1,2018-01-23T00:00:00Z,Horseshoe Inside,3,Fish,9,2018,2016,2
10,311,542,2005,1,2018-01-23T00:00:00Z,Horseshoe Inside,3,Invert,10,2018,2016,2
12,311,542,2006,1,2018-01-23T00:00:00Z,Horseshoe Inside,3,Fish,23,2018,2016,2
15,311,542,2006,1,2018-01-23T00:00:00Z,Horseshoe Inside,3,Invert,15,2018,2016,2
11,311,542,2007,1,2018-01-23T00:00:00Z,Horseshoe Inside,3,Fish,18,2018,2016,2
13,311,542,2007,1,2018-01-23T00:00:00Z,Horseshoe Inside,3,Invert,13,2018,2016,2
6,316,545,2012,1,2015-08-27T00:00:00Z,Broken Bottom,2,Fish,10,2015,2016,-1
7,316,545,2012,1,2015-08-27T00:00:00Z,Broken Bottom,2,Invert,7,2015,2016,-1
5,316,545,2013,1,2015-08-27T00:00:00Z,Broken Bottom,2,Fish,7,2015,2016,-1
14,316,545,2013,1,2015-08-27T00:00:00Z,Broken Bottom,2,Invert,14,2015,2016,-1
4,316,545,2014,1,2015-08-27T00:00:00Z,Broken Bottom,2,Fish,4,2015,2016,-1
13,316,545,2014,1,2015-08-27T00:00:00Z,Broken Bottom,2,Invert,13,2015,2016,-1
5,316,545,2015,1,2015-08-27T00:00:00Z,Broken Bottom,2,Fish,5,2015,2016,-1
10,316,545,2015,1,2015-08-27T00:00:00Z,Broken Bottom,2,Invert,10,2015,2016,-1
12,316,546,2016,1,2016-02-18T00:00:00Z,Broken Bottom,2,Fish,17,2016,2016,0
8,316,546,2016,1,2016-02-18T00:00:00Z,Broken Bottom,2,Invert,9,2016,2016,0
20,316,546,2017,1,2016-02-18T00:00:00Z,Broken Bottom,2,Fish,36,2016,2016,0
11,316,546,2017,1,2016-02-18T00:00:00Z,Broken Bottom,2,Invert,12,2016,2016,0
14,316,546,2018,1,2016-02-18T00:00:00Z,Broken Bottom,2,Fish,25,2016,2016,0
12,316,546,2018,1,2016-02-18T00:00:00Z,Broken Bottom,2,Invert,14,2016,2016,0
16,316,546,2019,1,2016-02-18T00:00:00Z,Broken Bottom,2,Fish,31,2016,2016,0
9,316,546,2019,1,2016-02-18T00:00:00Z,Broken Bottom,2,Invert,9,2016,2016,0
6,316,547,2020,1,2017-02-16T00:00:00Z,Broken Bottom,2,Fish,10,2017,2016,1
11,316,547,2020,1,2017-02-16T00:00:00Z,Broken Bottom,2,Invert,11,2017,2016,1
16,316,547,2021,1,2017-02-16T00:00:00Z,Broken Bottom,2,Fish,25,2017,2016,1
11,316,547,2021,1,2017-02-16T00:00:00Z,Broken Bottom,2,Invert,11,2017,2016,1
8,316,547,2022,1,2017-02-16T00:00:00Z,Broken Bottom,2,Fish,17,2017,2016,1
8,316,547,2022,1,2017-02-16T00:00:00Z,Broken Bottom,2,Invert,8,2017,2016,1
16,316,547,2023,1,2017-02-16T00:00:00Z,Broken Bottom,2,Fish,33,2017,2016,1
11,316,547,2023,1,2017-02-16T00:00:00Z,Broken Bottom,2,Invert,11,2017,2016,1
8,316,548,2024,1,2018-01-25T00:00:00Z,Broken Bottom,2,Fish,16,2018,2016,2
12,316,548,2024,1,2018-01-25T00:00:00Z,Broken Bottom,2,Invert,12,2018,2016,2
6,316,548,2025,1,2018-01-25T00:00:00Z,Broken Bottom,2,Fish,14,2018,2016,2
11,316,548,2025,1,2018-01-25T00:00:00Z,Broken Bottom,2,Invert,11,2018,2016,2
10,316,548,2026,1,2018-01-25T00:00:00Z,Broken Bottom,2,Fish,19,2018,2016,2
9,316,548,2026,1,2018-01-25T00:00:00Z,Broken Bottom,2,Invert,9,2018,2016,2
12,316,548,2027,1,2018-01-25T00:00:00Z,Broken Bottom,2,Fish,28,2018,2016,2
11,316,548,2027,1,2018-01-25T00:00:00Z,Broken Bottom,2,Invert,11,2018,2016,2
25,347,585,2154,1,2017-03-23T00:00:00Z,Aldinga Pinnacles,3,Fish,56,2017,2016,1
9,347,585,2154,1,2017-03-23T00:00:00Z,Aldinga Pinnacles,3,Invert,9,2017,2016,1
22,347,585,2155,1,2017-03-23T00:00:00Z,Aldinga Pinnacles,3,Fish,47,2017,2016,1
5,347,585,2155,1,2017-03-23T00:00:00Z,Aldinga Pinnacles,3,Invert,5,2017,2016,1
24,347,585,2156,1,2017-03-23T00:00:00Z,Aldinga Pinnacles,3,Fish,54,2017,2016,1
6,347,585,2156,1,2017-03-23T00:00:00Z,Aldinga Pinnacles,3,Invert,6,2017,2016,1
22,347,585,2157,1,2017-03-23T00:00:00Z,Aldinga Pinnacles,3,Fish,45,2017,2016,1
5,347,585,2157,1,2017-03-23T00:00:00Z,Aldinga Pinnacles,3,Invert,5,2017,2016,1
18,347,586,2158,1,2018-01-20T00:00:00Z,Aldinga Pinnacles,3,Fish,35,2018,2016,2
6,347,586,2158,1,2018-01-20T00:00:00Z,Aldinga Pinnacles,3,Invert,6,2018,2016,2
24,347,586,2159,1,2018-01-20T00:00:00Z,Aldinga Pinnacles,3,Fish,56,2018,2016,2
6,347,586,2159,1,2018-01-20T00:00:00Z,Aldinga Pinnacles,3,Invert,6,2018,2016,2
20,347,586,2160,1,2018-01-20T00:00:00Z,Aldinga Pinnacles,3,Fish,54,2018,2016,2
4,347,586,2160,1,2018-01-20T00:00:00Z,Aldinga Pinnacles,3,Invert,4,2018,2016,2
18,347,586,2161,1,2018-01-20T00:00:00Z,Aldinga Pinnacles,3,Fish,42,2018,2016,2
4,347,586,2161,1,2018-01-20T00:00:00Z,Aldinga Pinnacles,3,Invert,4,2018,2016,2
9,354,587,2162,1,2017-02-14T00:00:00Z,Myponga Reef,4,Fish,13,2017,2016,1
1,354,587,2162,1,2017-02-14T00:00:00Z,Myponga Reef,4,Invert,1,2017,2016,1
8,354,587,2163,1,2017-02-14T00:00:00Z,Myponga Reef,4,Fish,12,2017,2016,1
9,354,587,2163,1,2017-02-14T00:00:00Z,Myponga Reef,4,Invert,9,2017,2016,1
7,354,587,2164,1,2017-02-14T00:00:00Z,Myponga Reef,4,Fish,13,2017,2016,1
2,354,587,2164,1,2017-02-14T00:00:00Z,Myponga Reef,4,Invert,2,2017,2016,1
14,354,587,2165,1,2017-02-14T00:00:00Z,Myponga Reef,4,Fish,24,2017,2016,1
4,354,587,2165,1,2017-02-14T00:00:00Z,Myponga Reef,4,Invert,4,2017,2016,1
10,354,588,2166,1,2018-02-19T00:00:00Z,Myponga Reef,4,Fish,21,2018,2016,2
6,354,588,2166,1,2018-02-19T00:00:00Z,Myponga Reef,4,Invert,6,2018,2016,2
12,354,588,2167,1,2018-02-19T00:00:00Z,Myponga Reef,4,Fish,27,2018,2016,2
4,354,588,2167,1,2018-02-19T00:00:00Z,Myponga Reef,4,Invert,4,2018,2016,2
12,354,588,2168,1,2018-02-19T00:00:00Z,Myponga Reef,4,Fish,29,2018,2016,2
9,354,588,2168,1,2018-02-19T00:00:00Z,Myponga Reef,4,Invert,9,2018,2016,2
16,354,588,2169,1,2018-02-19T00:00:00Z,Myponga Reef,4,Fish,36,2018,2016,2
7,354,588,2169,1,2018-02-19T00:00:00Z,Myponga Reef,4,Invert,7,2018,2016,2
11,357,589,2170,1,2017-04-04T00:00:00Z,Cape Jervis South,5,Fish,20,2017,2016,1
4,357,589,2170,1,2017-04-04T00:00:00Z,Cape Jervis South,5,Invert,4,2017,2016,1
13,357,589,2171,1,2017-04-04T00:00:00Z,Cape Jervis South,5,Fish,32,2017,2016,1
2,357,589,2171,1,2017-04-04T00:00:00Z,Cape Jervis South,5,Invert,2,2017,2016,1
11,357,589,2172,1,2017-04-04T00:00:00Z,Cape Jervis South,5,Fish,21,2017,2016,1
6,357,589,2172,1,2017-04-04T00:00:00Z,Cape Jervis South,5,Invert,6,2017,2016,1
13,357,589,2173,1,2017-04-04T00:00:00Z,Cape Jervis South,5,Fish,23,2017,2016,1
2,357,589,2173,1,2017-04-04T00:00:00Z,Cape Jervis South,5,Invert,2,2017,2016,1
8,357,590,2174,1,2018-02-19T00:00:00Z,Cape Jervis South,5,Fish,15,2018,2016,2
5,357,590,2174,1,2018-02-19T00:00:00Z,Cape Jervis South,5,Invert,5,2018,2016,2
7,357,590,2175,1,2018-02-19T00:00:00Z,Cape Jervis South,5,Fish,12,2018,2016,2
5,357,590,2175,1,2018-02-19T00:00:00Z,Cape Jervis South,5,Invert,5,2018,2016,2
9,357,590,2176,1,2018-02-19T00:00:00Z,Cape Jervis South,5,Fish,17,2018,2016,2
5,357,590,2176,1,2018-02-19T00:00:00Z,Cape Jervis South,5,Invert,5,2018,2016,2
6,357,590,2177,1,2018-02-19T00:00:00Z,Cape Jervis South,5,Fish,13,2018,2016,2
10,357,590,2177,1,2018-02-19T00:00:00Z,Cape Jervis South,5,Invert,10,2018,2016,2
11,382,602,2222,1,2017-02-14T00:00:00Z,Lady Bay,4,Fish,19,2017,2016,1
3,382,602,2222,1,2017-02-14T00:00:00Z,Lady Bay,4,Invert,3,2017,2016,1
7,382,602,2223,1,2017-02-14T00:00:00Z,Lady Bay,4,Fish,11,2017,2016,1
2,382,602,2223,1,2017-02-14T00:00:00Z,Lady Bay,4,Invert,2,2017,2016,1
13,382,602,2224,1,2017-02-14T00:00:00Z,Lady Bay,4,Fish,19,2017,2016,1
3,382,602,2224,1,2017-02-14T00:00:00Z,Lady Bay,4,Invert,3,2017,2016,1
13,382,602,2225,1,2017-02-14T00:00:00Z,Lady Bay,4,Fish,23,2017,2016,1
3,382,602,2225,1,2017-02-14T00:00:00Z,Lady Bay,4,Invert,3,2017,2016,1
17,382,603,2226,1,2018-02-06T00:00:00Z,Lady Bay,4,Fish,34,2018,2016,2
10,382,603,2226,1,2018-02-06T00:00:00Z,Lady Bay,4,Invert,10,2018,2016,2
11,382,603,2227,1,2018-02-06T00:00:00Z,Lady Bay,4,Fish,20,2018,2016,2
6,382,603,2227,1,2018-02-06T00:00:00Z,Lady Bay,4,Invert,6,2018,2016,2
12,382,603,2228,1,2018-02-06T00:00:00Z,Lady Bay,4,Fish,19,2018,2016,2
5,382,603,2228,1,2018-02-06T00:00:00Z,Lady Bay,4,Invert,5,2018,2016,2
11,382,603,2229,1,2018-02-06T00:00:00Z,Lady Bay,4,Fish,18,2018,2016,2
1,385,604,2231,1,2017-03-15T00:00:00Z,Yankalilla Mouth,4,Fish,3,2017,2016,1
4,385,604,2232,1,2017-03-15T00:00:00Z,Yankalilla Mouth,4,Fish,6,2017,2016,1
2,385,604,2232,1,2017-03-15T00:00:00Z,Yankalilla Mouth,4,Invert,2,2017,2016,1
3,385,604,2233,1,2017-03-15T00:00:00Z,Yankalilla Mouth,4,Fish,5,2017,2016,1
3,385,605,2234,1,2018-02-06T00:00:00Z,Yankalilla Mouth,4,Fish,5,2018,2016,2
5,385,605,2235,1,2018-02-06T00:00:00Z,Yankalilla Mouth,4,Fish,8,2018,2016,2
1,385,605,2235,1,2018-02-06T00:00:00Z,Yankalilla Mouth,4,Invert,1,2018,2016,2
1,385,605,2236,1,2018-02-06T00:00:00Z,Yankalilla Mouth,4,Fish,3,2018,2016,2
2,385,605,2237,1,2018-02-06T00:00:00Z,Yankalilla Mouth,4,Fish,5,2018,2016,2
9,386,606,2238,1,2017-03-15T00:00:00Z,South Shores,4,Fish,11,2017,2016,1
1,386,606,2238,1,2017-03-15T00:00:00Z,South Shores,4,Invert,1,2017,2016,1
10,386,606,2239,1,2017-03-15T00:00:00Z,South Shores,4,Fish,19,2017,2016,1
6,386,606,2239,1,2017-03-15T00:00:00Z,South Shores,4,Invert,6,2017,2016,1
5,386,606,2240,1,2017-03-15T00:00:00Z,South Shores,4,Fish,5,2017,2016,1
5,386,606,2241,1,2017-03-15T00:00:00Z,South Shores,4,Fish,9,2017,2016,1
3,386,606,2241,1,2017-03-15T00:00:00Z,South Shores,4,Invert,3,2017,2016,1
6,386,607,2242,1,2018-02-20T00:00:00Z,South Shores,4,Fish,11,2018,2016,2
3,386,607,2242,1,2018-02-20T00:00:00Z,South Shores,4,Invert,3,2018,2016,2
14,386,607,2243,1,2018-02-20T00:00:00Z,South Shores,4,Fish,30,2018,2016,2
5,386,607,2243,1,2018-02-20T00:00:00Z,South Shores,4,Invert,5,2018,2016,2
8,386,607,2244,1,2018-02-20T00:00:00Z,South Shores,4,Fish,13,2018,2016,2
2,386,607,2244,1,2018-02-20T00:00:00Z,South Shores,4,Invert,2,2018,2016,2
15,386,607,2245,1,2018-02-20T00:00:00Z,South Shores,4,Fish,28,2018,2016,2
6,386,607,2245,1,2018-02-20T00:00:00Z,South Shores,4,Invert,7,2018,2016,2
11,387,608,2246,1,2017-03-21T00:00:00Z,Port Gawler,1,Fish,20,2017,2016,1
3,387,608,2246,1,2017-03-21T00:00:00Z,Port Gawler,1,Invert,3,2017,2016,1
6,387,608,2247,1,2017-03-21T00:00:00Z,Port Gawler,1,Fish,11,2017,2016,1
4,387,608,2247,1,2017-03-21T00:00:00Z,Port Gawler,1,Invert,4,2017,2016,1
3,387,608,2248,1,2017-03-21T00:00:00Z,Port Gawler,1,Fish,5,2017,2016,1
4,387,608,2248,1,2017-03-21T00:00:00Z,Port Gawler,1,Invert,4,2017,2016,1
6,387,608,2249,1,2017-03-21T00:00:00Z,Port Gawler,1,Fish,11,2017,2016,1
3,387,608,2249,1,2017-03-21T00:00:00Z,Port Gawler,1,Invert,3,2017,2016,1
3,387,609,2250,1,2018-01-26T00:00:00Z,Port Gawler,1,Fish,4,2018,2016,2
1,387,609,2250,1,2018-01-26T00:00:00Z,Port Gawler,1,Invert,1,2018,2016,2
6,387,609,2251,1,2018-01-26T00:00:00Z,Port Gawler,1,Fish,10,2018,2016,2
6,387,609,2251,1,2018-01-26T00:00:00Z,Port Gawler,1,Invert,6,2018,2016,2
4,387,609,2252,1,2018-01-26T00:00:00Z,Port Gawler,1,Fish,8,2018,2016,2
2,387,609,2252,1,2018-01-26T00:00:00Z,Port Gawler,1,Invert,2,2018,2016,2
10,387,609,2253,1,2018-01-26T00:00:00Z,Port Gawler,1,Fish,18,2018,2016,2
2,387,609,2253,1,2018-01-26T00:00:00Z,Port Gawler,1,Invert,2,2018,2016,2
7,390,610,2254,1,2017-04-06T00:00:00Z,Backstairs Deep,5,Fish,11,2017,2016,1
12,390,610,2254,1,2017-04-06T00:00:00Z,Backstairs Deep,5,Invert,16,2017,2016,1
6,390,610,2255,1,2017-04-06T00:00:00Z,Backstairs Deep,5,Fish,7,2017,2016,1
9,390,610,2255,1,2017-04-06T00:00:00Z,Backstairs Deep,5,Invert,9,2017,2016,1
6,390,610,2256,1,2017-04-06T00:00:00Z,Backstairs Deep,5,Fish,17,2017,2016,1
13,390,610,2256,1,2017-04-06T00:00:00Z,Backstairs Deep,5,Invert,18,2017,2016,1
10,390,610,2257,1,2017-04-06T00:00:00Z,Backstairs Deep,5,Fish,22,2017,2016,1
17,390,610,2257,1,2017-04-06T00:00:00Z,Backstairs Deep,5,Invert,21,2017,2016,1
8,390,611,2258,1,2018-02-07T00:00:00Z,Backstairs Deep,5,Fish,21,2018,2016,2
14,390,611,2258,1,2018-02-07T00:00:00Z,Backstairs Deep,5,Invert,16,2018,2016,2
7,390,611,2259,1,2018-02-07T00:00:00Z,Backstairs Deep,5,Fish,15,2018,2016,2
18,390,611,2259,1,2018-02-07T00:00:00Z,Backstairs Deep,5,Invert,18,2018,2016,2
13,390,611,2260,1,2018-02-07T00:00:00Z,Backstairs Deep,5,Fish,26,2018,2016,2
14,390,611,2260,1,2018-02-07T00:00:00Z,Backstairs Deep,5,Invert,17,2018,2016,2
13,390,611,2261,1,2018-02-07T00:00:00Z,Backstairs Deep,5,Fish,26,2018,2016,2
14,390,611,2261,1,2018-02-07T00:00:00Z,Backstairs Deep,5,Invert,15,2018,2016,2
12,391,612,2262,1,2017-04-06T00:00:00Z,Deep Creek,5,Fish,28,2017,2016,1
11,391,612,2262,1,2017-04-06T00:00:00Z,Deep Creek,5,Invert,14,2017,2016,1
11,391,612,2263,1,2017-04-06T00:00:00Z,Deep Creek,5,Fish,28,2017,2016,1
10,391,612,2263,1,2017-04-06T00:00:00Z,Deep Creek,5,Invert,15,2017,2016,1
12,391,612,2264,1,2017-04-06T00:00:00Z,Deep Creek,5,Fish,37,2017,2016,1
15,391,612,2264,1,2017-04-06T00:00:00Z,Deep Creek,5,Invert,16,2017,2016,1
11,391,612,2265,1,2017-04-06T00:00:00Z,Deep Creek,5,Fish,29,2017,2016,1
9,391,612,2265,1,2017-04-06T00:00:00Z,Deep Creek,5,Invert,17,2017,2016,1
13,391,613,2266,1,2018-02-07T00:00:00Z,Deep Creek,5,Fish,22,2018,2016,2
13,391,613,2266,1,2018-02-07T00:00:00Z,Deep Creek,5,Invert,14,2018,2016,2
14,391,613,2267,1,2018-02-07T00:00:00Z,Deep Creek,5,Fish,26,2018,2016,2
8,391,613,2267,1,2018-02-07T00:00:00Z,Deep Creek,5,Invert,8,2018,2016,2
13,391,613,2268,1,2018-02-07T00:00:00Z,Deep Creek,5,Fish,30,2018,2016,2
15,391,613,2268,1,2018-02-07T00:00:00Z,Deep Creek,5,Invert,16,2018,2016,2
10,391,613,2269,1,2018-02-07T00:00:00Z,Deep Creek,5,Fish,18,2018,2016,2
14,391,613,2269,1,2018-02-07T00:00:00Z,Deep Creek,5,Invert,21,2018,2016,2
8,392,614,2270,1,2017-04-14T00:00:00Z,Chiton Rocks,7,Fish,13,2017,2016,1
8,392,614,2270,1,2017-04-14T00:00:00Z,Chiton Rocks,7,Invert,9,2017,2016,1
3,392,614,2271,1,2017-04-14T00:00:00Z,Chiton Rocks,7,Fish,4,2017,2016,1
3,392,614,2271,1,2017-04-14T00:00:00Z,Chiton Rocks,7,Invert,3,2017,2016,1
4,392,614,2272,1,2017-04-14T00:00:00Z,Chiton Rocks,7,Fish,10,2017,2016,1
5,392,614,2272,1,2017-04-14T00:00:00Z,Chiton Rocks,7,Invert,6,2017,2016,1
2,392,614,2273,1,2017-04-14T00:00:00Z,Chiton Rocks,7,Fish,2,2017,2016,1
5,392,614,2273,1,2017-04-14T00:00:00Z,Chiton Rocks,7,Invert,5,2017,2016,1
4,392,615,2274,1,2018-04-10T00:00:00Z,Chiton Rocks,7,Fish,10,2018,2016,2
6,392,615,2274,1,2018-04-10T00:00:00Z,Chiton Rocks,7,Invert,6,2018,2016,2
4,392,615,2275,1,2018-04-10T00:00:00Z,Chiton Rocks,7,Fish,6,2018,2016,2
5,392,615,2275,1,2018-04-10T00:00:00Z,Chiton Rocks,7,Invert,5,2018,2016,2
4,392,615,2276,1,2018-04-10T00:00:00Z,Chiton Rocks,7,Fish,5,2018,2016,2
6,392,615,2276,1,2018-04-10T00:00:00Z,Chiton Rocks,7,Invert,6,2018,2016,2
4,392,615,2277,1,2018-04-10T00:00:00Z,Chiton Rocks,7,Fish,5,2018,2016,2
6,392,615,2277,1,2018-04-10T00:00:00Z,Chiton Rocks,7,Invert,6,2018,2016,2
2,393,616,2278,1,2017-05-09T00:00:00Z,Encounter Deep,7,Fish,3,2017,2016,1
9,393,616,2278,1,2017-05-09T00:00:00Z,Encounter Deep,7,Invert,10,2017,2016,1
8,393,616,2279,1,2017-05-09T00:00:00Z,Encounter Deep,7,Invert,8,2017,2016,1
4,393,616,2280,1,2017-05-09T00:00:00Z,Encounter Deep,7,Fish,8,2017,2016,1
10,393,616,2280,1,2017-05-09T00:00:00Z,Encounter Deep,7,Invert,10,2017,2016,1
4,393,616,2281,1,2017-05-09T00:00:00Z,Encounter Deep,7,Fish,4,2017,2016,1
8,393,616,2281,1,2017-05-09T00:00:00Z,Encounter Deep,7,Invert,8,2017,2016,1
10,393,617,2282,1,2018-02-08T00:00:00Z,Encounter Deep,7,Fish,18,2018,2016,2
11,393,617,2282,1,2018-02-08T00:00:00Z,Encounter Deep,7,Invert,11,2018,2016,2
3,393,617,2283,1,2018-02-08T00:00:00Z,Encounter Deep,7,Fish,4,2018,2016,2
6,393,617,2283,1,2018-02-08T00:00:00Z,Encounter Deep,7,Invert,6,2018,2016,2
2,393,617,2284,1,2018-02-08T00:00:00Z,Encounter Deep,7,Fish,3,2018,2016,2
4,393,617,2284,1,2018-02-08T00:00:00Z,Encounter Deep,7,Invert,4,2018,2016,2
4,393,617,2285,1,2018-02-08T00:00:00Z,Encounter Deep,7,Fish,5,2018,2016,2
4,393,617,2285,1,2018-02-08T00:00:00Z,Encounter Deep,7,Invert,4,2018,2016,2
9,394,618,2286,1,2017-06-13T00:00:00Z,Port Elliot Deep,7,Invert,9,2017,2016,1
6,394,618,2287,1,2017-06-13T00:00:00Z,Port Elliot Deep,7,Invert,6,2017,2016,1
3,394,618,2288,1,2017-06-13T00:00:00Z,Port Elliot Deep,7,Invert,3,2017,2016,1
8,394,618,2289,1,2017-06-13T00:00:00Z,Port Elliot Deep,7,Invert,8,2017,2016,1
4,394,619,2290,1,2018-04-10T00:00:00Z,Port Elliot Deep,7,Fish,6,2018,2016,2
9,394,619,2290,1,2018-04-10T00:00:00Z,Port Elliot Deep,7,Invert,9,2018,2016,2
5,394,619,2291,1,2018-04-10T00:00:00Z,Port Elliot Deep,7,Fish,8,2018,2016,2
11,394,619,2291,1,2018-04-10T00:00:00Z,Port Elliot Deep,7,Invert,11,2018,2016,2
5,394,619,2292,1,2018-04-10T00:00:00Z,Port Elliot Deep,7,Fish,9,2018,2016,2
8,394,619,2292,1,2018-04-10T00:00:00Z,Port Elliot Deep,7,Invert,8,2018,2016,2
4,394,619,2293,1,2018-04-10T00:00:00Z,Port Elliot Deep,7,Fish,5,2018,2016,2
9,394,619,2293,1,2018-04-10T00:00:00Z,Port Elliot Deep,7,Invert,9,2018,2016,2
6,395,620,2294,1,2017-06-13T00:00:00Z,Basham's Beach,7,Invert,6,2017,2016,1
8,395,620,2295,1,2017-06-13T00:00:00Z,Basham's Beach,7,Invert,8,2017,2016,1
4,395,620,2296,1,2017-06-13T00:00:00Z,Basham's Beach,7,Fish,5,2017,2016,1
7,395,620,2296,1,2017-06-13T00:00:00Z,Basham's Beach,7,Invert,7,2017,2016,1
7,395,620,2297,1,2017-06-13T00:00:00Z,Basham's Beach,7,Invert,7,2017,2016,1
9,395,621,2298,1,2018-04-10T00:00:00Z,Basham's Beach,7,Invert,9,2018,2016,2
1,395,621,2299,1,2018-04-10T00:00:00Z,Basham's Beach,7,Fish,1,2018,2016,2
7,395,621,2299,1,2018-04-10T00:00:00Z,Basham's Beach,7,Invert,7,2018,2016,2
6,395,621,2300,1,2018-04-10T00:00:00Z,Basham's Beach,7,Invert,6,2018,2016,2
12,395,621,2301,1,2018-04-10T00:00:00Z,Basham's Beach,7,Invert,12,2018,2016,2
