bmBFishSubregion,GSiteID,SurveyID,TransectID,LocalBlock,SurveyDate,SiteName,Subregion,Sanctuary,ind,Year,medYear,time
6164.1827175,1,1,1,1,2005-03-08T00:00:00Z,Carrickalinga South Bay,4,Outside,12,2005,2016,-11
544.3657866666666,1,1,2,1,2005-03-08T00:00:00Z,Carrickalinga South Bay,4,Outside,15,2005,2016,-11
393.96798181818184,1,1,3,1,2005-03-08T00:00:00Z,Carrickalinga South Bay,4,Outside,11,2005,2016,-11
453.958902,1,1,4,1,2005-03-08T00:00:00Z,Carrickalinga South Bay,4,Outside,15,2005,2016,-11
88.317045,1,2,5,1,2006-02-23T00:00:00Z,Carrickalinga South Bay,4,Outside,6,2006,2016,-10
292.7337983333333,1,2,6,1,2006-02-23T00:00:00Z,Carrickalinga South Bay,4,Outside,6,2006,2016,-10
259.39346333333333,1,2,7,1,2006-02-23T00:00:00Z,Carrickalinga South Bay,4,Outside,3,2006,2016,-10
276.1314852941176,1,2,8,1,2006-02-23T00:00:00Z,Carrickalinga South Bay,4,Outside,17,2006,2016,-10
538.803676,1,3,9,1,2007-03-01T00:00:00Z,Carrickalinga South Bay,4,Outside,10,2007,2016,-9
450.04734588235294,1,3,10,1,2007-03-01T00:00:00Z,Carrickalinga South Bay,4,Outside,17,2007,2016,-9
250.40096357142858,1,3,11,1,2007-03-01T00:00:00Z,Carrickalinga South Bay,4,Outside,14,2007,2016,-9
503.3338142857143,1,4,13,1,2008-02-05T00:00:00Z,Carrickalinga South Bay,4,Outside,7,2008,2016,-8
706.0569111111112,1,4,14,1,2008-02-05T00:00:00Z,Carrickalinga South Bay,4,Outside,9,2008,2016,-8
399.73937,1,4,15,1,2008-02-05T00:00:00Z,Carrickalinga South Bay,4,Outside,10,2008,2016,-8
411.97074999999995,1,5,16,1,2012-11-23T00:00:00Z,Carrickalinga South Bay,4,Outside,2,2012,2016,-4
596.967276923077,1,5,17,1,2012-11-23T00:00:00Z,Carrickalinga South Bay,4,Outside,13,2012,2016,-4
365.8082,1,5,18,1,2012-11-23T00:00:00Z,Carrickalinga South Bay,4,Outside,8,2012,2016,-4
2849.6644285714283,1,5,19,1,2012-11-23T00:00:00Z,Carrickalinga South Bay,4,Outside,14,2012,2016,-4
404.75784999999996,1,6,20,1,2013-04-12T00:00:00Z,Carrickalinga South Bay,4,Outside,10,2013,2016,-3
476.45973333333336,1,6,21,1,2013-04-12T00:00:00Z,Carrickalinga South Bay,4,Outside,9,2013,2016,-3
775.7769285714286,1,6,22,1,2013-04-12T00:00:00Z,Carrickalinga South Bay,4,Outside,21,2013,2016,-3
475.38598333333334,1,6,23,1,2013-04-12T00:00:00Z,Carrickalinga South Bay,4,Outside,18,2013,2016,-3
867.6094166666667,1,7,24,1,2014-01-21T00:00:00Z,Carrickalinga South Bay,4,Outside,6,2014,2016,-2
527.1278599999999,1,7,25,1,2014-01-21T00:00:00Z,Carrickalinga South Bay,4,Outside,10,2014,2016,-2
446.09785,1,8,26,1,2016-02-09T00:00:00Z,Carrickalinga South Bay,4,Outside,6,2016,2016,0
368.0510875,1,8,27,1,2016-02-09T00:00:00Z,Carrickalinga South Bay,4,Outside,8,2016,2016,0
257.7175875,1,8,28,1,2016-02-09T00:00:00Z,Carrickalinga South Bay,4,Outside,8,2016,2016,0
492.1476333333333,1,8,29,1,2016-02-09T00:00:00Z,Carrickalinga South Bay,4,Outside,12,2016,2016,0
721.4829615384616,1,9,30,1,2017-03-07T00:00:00Z,Carrickalinga South Bay,4,Outside,13,2017,2016,1
608.0209117647059,1,9,31,1,2017-03-07T00:00:00Z,Carrickalinga South Bay,4,Outside,17,2017,2016,1
1318.1145187500001,1,9,32,1,2017-03-07T00:00:00Z,Carrickalinga South Bay,4,Outside,16,2017,2016,1
532.8720833333333,1,9,33,1,2017-03-07T00:00:00Z,Carrickalinga South Bay,4,Outside,6,2017,2016,1
1696.7423111111111,1,10,34,1,2018-03-07T00:00:00Z,Carrickalinga South Bay,4,Outside,9,2018,2016,2
922.9534714285714,1,10,35,1,2018-03-07T00:00:00Z,Carrickalinga South Bay,4,Outside,7,2018,2016,2
2860.0411363636363,1,10,36,1,2018-03-07T00:00:00Z,Carrickalinga South Bay,4,Outside,22,2018,2016,2
3299.125925,1,10,37,1,2018-03-07T00:00:00Z,Carrickalinga South Bay,4,Outside,8,2018,2016,2
4272.07289,3,18,61,1,2005-03-08T00:00:00Z,Carrickalinga Head,4,Inside,20,2005,2016,-11
2742.5852860869563,3,18,62,1,2005-03-08T00:00:00Z,Carrickalinga Head,4,Inside,23,2005,2016,-11
426.2132475,3,18,63,1,2005-03-08T00:00:00Z,Carrickalinga Head,4,Inside,12,2005,2016,-11
189.4569446153846,3,19,65,1,2006-03-20T00:00:00Z,Carrickalinga Head,4,Inside,13,2006,2016,-10
366.63960235294115,3,19,66,1,2006-03-20T00:00:00Z,Carrickalinga Head,4,Inside,17,2006,2016,-10
486.5009661111111,3,19,67,1,2006-03-20T00:00:00Z,Carrickalinga Head,4,Inside,18,2006,2016,-10
476.82591739130436,3,19,68,1,2006-03-20T00:00:00Z,Carrickalinga Head,4,Inside,23,2006,2016,-10
813.4076176470588,3,20,69,1,2007-02-22T00:00:00Z,Carrickalinga Head,4,Inside,17,2007,2016,-9
737.5894992592592,3,20,70,1,2007-02-22T00:00:00Z,Carrickalinga Head,4,Inside,27,2007,2016,-9
2366.450007916667,3,20,71,1,2007-02-22T00:00:00Z,Carrickalinga Head,4,Inside,24,2007,2016,-9
1568.233684090909,3,20,72,1,2007-02-22T00:00:00Z,Carrickalinga Head,4,Inside,22,2007,2016,-9
1813.0799,3,21,73,1,2018-05-16T00:00:00Z,Carrickalinga Head,4,Inside,14,2018,2016,2
433.12374,3,21,74,1,2018-05-16T00:00:00Z,Carrickalinga Head,4,Inside,10,2018,2016,2
3360.4951166666665,3,21,75,1,2018-05-16T00:00:00Z,Carrickalinga Head,4,Inside,6,2018,2016,2
170.671905,3,21,76,1,2018-05-16T00:00:00Z,Carrickalinga Head,4,Inside,4,2018,2016,2
612.2916,3,144,564,1,2012-02-06T00:00:00Z,Carrickalinga Head,4,Inside,2,2012,2016,-4
484.47734444444444,3,144,565,1,2012-02-06T00:00:00Z,Carrickalinga Head,4,Inside,9,2012,2016,-4
624.9372766666667,3,144,566,1,2012-02-06T00:00:00Z,Carrickalinga Head,4,Inside,12,2012,2016,-4
1079.44036,3,144,567,1,2012-02-06T00:00:00Z,Carrickalinga Head,4,Inside,7,2012,2016,-4
397.9309818181818,3,151,588,1,2017-03-26T00:00:00Z,Carrickalinga Head,4,Inside,11,2017,2016,1
477.8979,3,151,589,1,2017-03-26T00:00:00Z,Carrickalinga Head,4,Inside,17,2017,2016,1
761.0584625,3,151,590,1,2017-03-26T00:00:00Z,Carrickalinga Head,4,Inside,16,2017,2016,1
191.2398,3,151,591,1,2017-03-26T00:00:00Z,Carrickalinga Head,4,Inside,3,2017,2016,1
369.83332333333334,9,53,200,1,2005-03-11T00:00:00Z,Dodd's Beach,4,Inside,9,2005,2016,-11
214.44460333333333,9,53,201,1,2005-03-11T00:00:00Z,Dodd's Beach,4,Inside,9,2005,2016,-11
212.40526375000002,9,53,202,1,2005-03-11T00:00:00Z,Dodd's Beach,4,Inside,8,2005,2016,-11
471.67240714285714,9,53,203,1,2005-03-11T00:00:00Z,Dodd's Beach,4,Inside,14,2005,2016,-11
285.92000666666667,9,54,204,1,2006-02-27T00:00:00Z,Dodd's Beach,4,Inside,3,2006,2016,-10
214.7479475,9,54,205,1,2006-02-27T00:00:00Z,Dodd's Beach,4,Inside,4,2006,2016,-10
356.4349571428572,9,54,206,1,2006-02-27T00:00:00Z,Dodd's Beach,4,Inside,7,2006,2016,-10
528.7717766666667,9,54,207,1,2006-02-27T00:00:00Z,Dodd's Beach,4,Inside,9,2006,2016,-10
611.83182,9,55,208,1,2007-02-25T00:00:00Z,Dodd's Beach,4,Inside,8,2007,2016,-9
289.43803444444444,9,55,209,1,2007-02-25T00:00:00Z,Dodd's Beach,4,Inside,9,2007,2016,-9
916.325442,9,55,210,1,2007-02-25T00:00:00Z,Dodd's Beach,4,Inside,10,2007,2016,-9
283.073335,9,55,211,1,2007-02-25T00:00:00Z,Dodd's Beach,4,Inside,12,2007,2016,-9
323.1531483333333,9,56,212,1,2012-02-10T00:00:00Z,Dodd's Beach,4,Inside,6,2012,2016,-4
363.09689833333334,9,56,213,1,2012-02-10T00:00:00Z,Dodd's Beach,4,Inside,6,2012,2016,-4
363.54722375,9,56,214,1,2012-02-10T00:00:00Z,Dodd's Beach,4,Inside,8,2012,2016,-4
168.921984,9,56,215,1,2012-02-10T00:00:00Z,Dodd's Beach,4,Inside,10,2012,2016,-4
471.22516666666667,9,57,216,1,2016-02-09T00:00:00Z,Dodd's Beach,4,Inside,6,2016,2016,0
502.3455846153846,9,57,217,1,2016-02-09T00:00:00Z,Dodd's Beach,4,Inside,13,2016,2016,0
254.873664,9,57,218,1,2016-02-09T00:00:00Z,Dodd's Beach,4,Inside,5,2016,2016,0
294.0463222222222,9,57,219,1,2016-02-09T00:00:00Z,Dodd's Beach,4,Inside,9,2016,2016,0
418.7115727272727,9,58,220,1,2017-04-04T00:00:00Z,Dodd's Beach,4,Inside,11,2017,2016,1
357.1553090909091,9,58,221,1,2017-04-04T00:00:00Z,Dodd's Beach,4,Inside,11,2017,2016,1
517.7242615384615,9,58,222,1,2017-04-04T00:00:00Z,Dodd's Beach,4,Inside,13,2017,2016,1
355.03506363636365,9,58,223,1,2017-04-04T00:00:00Z,Dodd's Beach,4,Inside,11,2017,2016,1
276.58995714285714,9,59,224,1,2018-03-07T00:00:00Z,Dodd's Beach,4,Inside,7,2018,2016,2
285.6673,9,59,225,1,2018-03-07T00:00:00Z,Dodd's Beach,4,Inside,7,2018,2016,2
267.784875,9,59,226,1,2018-03-07T00:00:00Z,Dodd's Beach,4,Inside,4,2018,2016,2
297.93823636363635,9,59,227,1,2018-03-07T00:00:00Z,Dodd's Beach,4,Inside,11,2018,2016,2
510.83702,11,64,244,1,2005-03-12T00:00:00Z,Outside Granite Island,7,Outside,5,2005,2016,-11
360.46749,11,64,245,1,2005-03-12T00:00:00Z,Outside Granite Island,7,Outside,10,2005,2016,-11
533.04345,11,64,246,1,2005-03-12T00:00:00Z,Outside Granite Island,7,Outside,17,2005,2016,-11
477.0710175,11,64,247,1,2005-03-12T00:00:00Z,Outside Granite Island,7,Outside,12,2005,2016,-11
250.58462,11,65,248,1,2006-02-24T00:00:00Z,Outside Granite Island,7,Outside,4,2006,2016,-10
225.508465,11,65,249,1,2006-02-24T00:00:00Z,Outside Granite Island,7,Outside,8,2006,2016,-10
371.37492,11,65,250,1,2006-02-24T00:00:00Z,Outside Granite Island,7,Outside,9,2006,2016,-10
365.7012666666667,11,65,251,1,2006-02-24T00:00:00Z,Outside Granite Island,7,Outside,9,2006,2016,-10
679.402007,11,66,252,1,2007-04-10T00:00:00Z,Outside Granite Island,7,Outside,10,2007,2016,-9
355.97117615384616,11,66,253,1,2007-04-10T00:00:00Z,Outside Granite Island,7,Outside,13,2007,2016,-9
349.9503957142857,11,66,254,1,2007-04-10T00:00:00Z,Outside Granite Island,7,Outside,7,2007,2016,-9
254.30829857142857,11,66,255,1,2007-04-10T00:00:00Z,Outside Granite Island,7,Outside,7,2007,2016,-9
337.0355333333333,11,67,256,1,2007-09-24T00:00:00Z,Outside Granite Island,7,Outside,9,2007,2016,-9
174.87619333333333,11,67,257,1,2007-09-24T00:00:00Z,Outside Granite Island,7,Outside,6,2007,2016,-9
629.4757988235294,11,67,258,1,2007-09-24T00:00:00Z,Outside Granite Island,7,Outside,17,2007,2016,-9
549.96913,11,67,259,1,2007-09-24T00:00:00Z,Outside Granite Island,7,Outside,10,2007,2016,-9
516.966575,11,68,260,1,2017-04-14T00:00:00Z,Outside Granite Island,7,Outside,8,2017,2016,1
984.5285,11,68,261,1,2017-04-14T00:00:00Z,Outside Granite Island,7,Outside,8,2017,2016,1
665.1285789473684,11,68,262,1,2017-04-14T00:00:00Z,Outside Granite Island,7,Outside,19,2017,2016,1
579.43340625,11,68,263,1,2017-04-14T00:00:00Z,Outside Granite Island,7,Outside,16,2017,2016,1
697.2738666666667,11,495,1850,1,2018-01-27T00:00:00Z,Outside Granite Island,7,Outside,6,2018,2016,2
577.3690833333334,11,495,1851,1,2018-01-27T00:00:00Z,Outside Granite Island,7,Outside,6,2018,2016,2
689.0976888888889,11,495,1852,1,2018-01-27T00:00:00Z,Outside Granite Island,7,Outside,9,2018,2016,2
574.3099833333333,11,495,1853,1,2018-01-27T00:00:00Z,Outside Granite Island,7,Outside,6,2018,2016,2
499.1804558333333,12,69,264,1,2005-03-12T00:00:00Z,West Island Outer,6,Outside,12,2005,2016,-11
464.96948,12,69,265,1,2005-03-12T00:00:00Z,West Island Outer,6,Outside,10,2005,2016,-11
485.58097272727275,12,69,266,1,2005-03-12T00:00:00Z,West Island Outer,6,Outside,11,2005,2016,-11
663.073465,12,70,268,1,2007-11-14T00:00:00Z,West Island Outer,6,Outside,8,2007,2016,-9
840.4122090909091,12,70,269,1,2007-11-14T00:00:00Z,West Island Outer,6,Outside,11,2007,2016,-9
593.9122457142857,12,70,270,1,2007-11-14T00:00:00Z,West Island Outer,6,Outside,7,2007,2016,-9
183.9727,12,70,271,1,2007-11-14T00:00:00Z,West Island Outer,6,Outside,1,2007,2016,-9
649.36288,12,71,272,1,2017-05-09T00:00:00Z,West Island Outer,6,Outside,10,2017,2016,1
286.9689625,12,71,273,1,2017-05-09T00:00:00Z,West Island Outer,6,Outside,8,2017,2016,1
756.0509916666666,12,71,274,1,2017-05-09T00:00:00Z,West Island Outer,6,Outside,12,2017,2016,1
629.9467611111111,12,71,275,1,2017-05-09T00:00:00Z,West Island Outer,6,Outside,18,2017,2016,1
1100.4621777777777,12,72,276,1,2018-02-08T00:00:00Z,West Island Outer,6,Outside,27,2018,2016,2
709.518725,12,72,277,1,2018-02-08T00:00:00Z,West Island Outer,6,Outside,12,2018,2016,2
615.7682636363636,12,72,278,1,2018-02-08T00:00:00Z,West Island Outer,6,Outside,11,2018,2016,2
1137.43951,12,72,279,1,2018-02-08T00:00:00Z,West Island Outer,6,Outside,20,2018,2016,2
513.9498770588235,14,75,288,1,2005-03-13T00:00:00Z,Newland Head,6,Outside,17,2005,2016,-11
415.92831333333334,14,75,289,1,2005-03-13T00:00:00Z,Newland Head,6,Outside,12,2005,2016,-11
718.3810745833333,14,75,290,1,2005-03-13T00:00:00Z,Newland Head,6,Outside,24,2005,2016,-11
564.4707752380953,14,75,291,1,2005-03-13T00:00:00Z,Newland Head,6,Outside,21,2005,2016,-11
309.7127385714286,14,76,295,1,2007-11-09T00:00:00Z,Newland Head,6,Outside,7,2007,2016,-9
773.4644944444444,14,77,296,1,2017-05-10T00:00:00Z,Newland Head,6,Outside,18,2017,2016,1
921.01175,14,77,297,1,2017-05-10T00:00:00Z,Newland Head,6,Outside,14,2017,2016,1
714.2686588235294,14,77,298,1,2017-05-10T00:00:00Z,Newland Head,6,Outside,17,2017,2016,1
904.495455,14,77,299,1,2017-05-10T00:00:00Z,Newland Head,6,Outside,20,2017,2016,1
704.39175,14,78,300,1,2018-01-28T00:00:00Z,Newland Head,6,Outside,16,2018,2016,2
464.48797333333334,14,78,301,1,2018-01-28T00:00:00Z,Newland Head,6,Outside,15,2018,2016,2
1028.3698526315789,14,78,302,1,2018-01-28T00:00:00Z,Newland Head,6,Outside,19,2018,2016,2
1146.1934055555555,14,78,303,1,2018-01-28T00:00:00Z,Newland Head,6,Outside,18,2018,2016,2
719.9937823076923,15,79,304,1,2005-03-13T00:00:00Z,Flat Irons,6,Outside,13,2005,2016,-11
492.22116,15,79,305,1,2005-03-13T00:00:00Z,Flat Irons,6,Outside,17,2005,2016,-11
991.0029142857143,15,79,306,1,2005-03-13T00:00:00Z,Flat Irons,6,Outside,14,2005,2016,-11
922.2471745,15,79,307,1,2005-03-13T00:00:00Z,Flat Irons,6,Outside,20,2005,2016,-11
638.85244,15,80,308,1,2007-04-10T00:00:00Z,Flat Irons,6,Outside,15,2007,2016,-9
701.2000173333333,15,80,309,1,2007-04-10T00:00:00Z,Flat Irons,6,Outside,15,2007,2016,-9
270.3311,15,80,310,1,2007-04-10T00:00:00Z,Flat Irons,6,Outside,5,2007,2016,-9
337.790825,15,80,311,1,2007-04-10T00:00:00Z,Flat Irons,6,Outside,12,2007,2016,-9
253.78754166666667,15,81,312,1,2007-11-09T00:00:00Z,Flat Irons,6,Outside,6,2007,2016,-9
220.599075,15,81,313,1,2007-11-09T00:00:00Z,Flat Irons,6,Outside,4,2007,2016,-9
601.5820475,15,81,314,1,2007-11-09T00:00:00Z,Flat Irons,6,Outside,16,2007,2016,-9
208.8208,15,81,315,1,2007-11-09T00:00:00Z,Flat Irons,6,Outside,7,2007,2016,-9
563.7914428571428,15,82,316,1,2012-02-08T00:00:00Z,Flat Irons,6,Outside,7,2012,2016,-4
494.3231846153846,15,82,317,1,2012-02-08T00:00:00Z,Flat Irons,6,Outside,13,2012,2016,-4
1816.5625444444445,15,82,318,1,2012-02-08T00:00:00Z,Flat Irons,6,Outside,9,2012,2016,-4
272.9414766666667,15,82,319,1,2012-02-08T00:00:00Z,Flat Irons,6,Outside,9,2012,2016,-4
726.3595333333334,15,83,320,1,2017-05-09T00:00:00Z,Flat Irons,6,Outside,18,2017,2016,1
570.34783,15,83,321,1,2017-05-09T00:00:00Z,Flat Irons,6,Outside,10,2017,2016,1
593.8269076923077,15,83,322,1,2017-05-09T00:00:00Z,Flat Irons,6,Outside,13,2017,2016,1
495.66513,15,83,323,1,2017-05-09T00:00:00Z,Flat Irons,6,Outside,10,2017,2016,1
471.78275,15,84,324,1,2018-01-28T00:00:00Z,Flat Irons,6,Outside,8,2018,2016,2
509.52362222222223,15,84,325,1,2018-01-28T00:00:00Z,Flat Irons,6,Outside,9,2018,2016,2
508.27159,15,84,326,1,2018-01-28T00:00:00Z,Flat Irons,6,Outside,10,2018,2016,2
388.37134444444445,15,84,327,1,2018-01-28T00:00:00Z,Flat Irons,6,Outside,9,2018,2016,2
241.303,17,87,336,1,2005-03-13T00:00:00Z,The Bluff,7,Outside,1,2005,2016,-11
326.71489444444444,17,87,337,1,2005-03-13T00:00:00Z,The Bluff,7,Outside,9,2005,2016,-11
541.5181216666666,17,87,338,1,2005-03-13T00:00:00Z,The Bluff,7,Outside,18,2005,2016,-11
404.6949577777778,17,87,339,1,2005-03-13T00:00:00Z,The Bluff,7,Outside,9,2005,2016,-11
205.55877857142858,17,88,340,1,2006-03-24T00:00:00Z,The Bluff,7,Outside,7,2006,2016,-10
115.320306,17,88,341,1,2006-03-24T00:00:00Z,The Bluff,7,Outside,5,2006,2016,-10
619.944965,17,88,342,1,2006-03-24T00:00:00Z,The Bluff,7,Outside,12,2006,2016,-10
311.11585,17,88,343,1,2006-03-24T00:00:00Z,The Bluff,7,Outside,8,2006,2016,-10
228.916585,17,89,345,1,2007-02-20T00:00:00Z,The Bluff,7,Outside,10,2007,2016,-9
181.246001,17,89,346,1,2007-02-20T00:00:00Z,The Bluff,7,Outside,10,2007,2016,-9
299.060163,17,89,347,1,2007-02-20T00:00:00Z,The Bluff,7,Outside,10,2007,2016,-9
304.7042166666667,17,90,348,1,2007-11-14T00:00:00Z,The Bluff,7,Outside,9,2007,2016,-9
196.8486311111111,17,90,349,1,2007-11-14T00:00:00Z,The Bluff,7,Outside,9,2007,2016,-9
337.89863357142855,17,90,350,1,2007-11-14T00:00:00Z,The Bluff,7,Outside,14,2007,2016,-9
512.093675,17,90,351,1,2007-11-14T00:00:00Z,The Bluff,7,Outside,12,2007,2016,-9
1006.2058333333334,17,91,352,1,2013-03-06T00:00:00Z,The Bluff,7,Outside,3,2013,2016,-3
239.77586666666667,17,91,353,1,2013-03-06T00:00:00Z,The Bluff,7,Outside,3,2013,2016,-3
343.37075,17,91,354,1,2013-03-06T00:00:00Z,The Bluff,7,Outside,4,2013,2016,-3
336.7792534,17,91,355,1,2013-03-06T00:00:00Z,The Bluff,7,Outside,5,2013,2016,-3
163.3676,17,92,358,1,2013-11-18T00:00:00Z,The Bluff,7,Outside,1,2013,2016,-3
535.3884125,17,93,360,1,2017-04-15T00:00:00Z,The Bluff,7,Outside,8,2017,2016,1
1142.9837076923077,17,93,361,1,2017-04-15T00:00:00Z,The Bluff,7,Outside,13,2017,2016,1
505.88385,17,93,362,1,2017-04-15T00:00:00Z,The Bluff,7,Outside,12,2017,2016,1
389.6149823529412,17,93,363,1,2017-04-15T00:00:00Z,The Bluff,7,Outside,17,2017,2016,1
682.9871999999999,17,94,364,1,2018-03-09T00:00:00Z,The Bluff,7,Outside,6,2018,2016,2
201.96526371428573,17,94,365,1,2018-03-09T00:00:00Z,The Bluff,7,Outside,7,2018,2016,2
2840.14865,17,94,366,1,2018-03-09T00:00:00Z,The Bluff,7,Outside,4,2018,2016,2
230.16126371428572,17,94,367,1,2018-03-09T00:00:00Z,The Bluff,7,Outside,7,2018,2016,2
473.9784241666667,28,135,528,1,2005-03-17T00:00:00Z,Ripple Rock,4,Inside,12,2005,2016,-11
569.42586,28,135,529,1,2005-03-17T00:00:00Z,Ripple Rock,4,Inside,15,2005,2016,-11
493.5746253846154,28,135,530,1,2005-03-17T00:00:00Z,Ripple Rock,4,Inside,13,2005,2016,-11
763.8018913043478,28,135,531,1,2005-03-17T00:00:00Z,Ripple Rock,4,Inside,23,2005,2016,-11
155.474305,28,136,532,1,2006-03-01T00:00:00Z,Ripple Rock,4,Inside,8,2006,2016,-10
489.37597500000004,28,136,533,1,2006-03-01T00:00:00Z,Ripple Rock,4,Inside,8,2006,2016,-10
584.708005882353,28,136,534,1,2006-03-01T00:00:00Z,Ripple Rock,4,Inside,17,2006,2016,-10
664.93377,28,136,535,1,2006-03-01T00:00:00Z,Ripple Rock,4,Inside,20,2006,2016,-10
856.5709428571429,28,137,537,1,2007-02-22T00:00:00Z,Ripple Rock,4,Inside,21,2007,2016,-9
611.237619,28,137,538,1,2007-02-22T00:00:00Z,Ripple Rock,4,Inside,20,2007,2016,-9
979.0419011111111,28,137,539,1,2007-02-22T00:00:00Z,Ripple Rock,4,Inside,18,2007,2016,-9
688.6013461538462,28,138,540,1,2016-02-12T00:00:00Z,Ripple Rock,4,Inside,13,2016,2016,0
510.5397307692308,28,138,541,1,2016-02-12T00:00:00Z,Ripple Rock,4,Inside,13,2016,2016,0
865.45200740740745,28,138,542,1,2016-02-12T00:00:00Z,Ripple Rock,4,Inside,27,2016,2016,0
704.029447826087,28,138,543,1,2016-02-12T00:00:00Z,Ripple Rock,4,Inside,23,2016,2016,0
463.3741416666667,28,139,544,1,2017-03-07T00:00:00Z,Ripple Rock,4,Inside,12,2017,2016,1
457.20926,28,139,545,1,2017-03-07T00:00:00Z,Ripple Rock,4,Inside,15,2017,2016,1
888.9637615384615,28,139,546,1,2017-03-07T00:00:00Z,Ripple Rock,4,Inside,26,2017,2016,1
805.0962000000001,28,139,547,1,2017-03-07T00:00:00Z,Ripple Rock,4,Inside,24,2017,2016,1
902.9929833333333,28,140,548,1,2018-04-30T00:00:00Z,Ripple Rock,4,Inside,18,2018,2016,2
1325.7771916666666,28,140,549,1,2018-04-30T00:00:00Z,Ripple Rock,4,Inside,24,2018,2016,2
674.3051454545455,28,140,550,1,2018-04-30T00:00:00Z,Ripple Rock,4,Inside,22,2018,2016,2
978.5976086956522,28,140,551,1,2018-04-30T00:00:00Z,Ripple Rock,4,Inside,23,2018,2016,2
335.0091591666667,29,141,552,1,2005-03-17T00:00:00Z,Shag Rock Carrickalinga,4,Inside,12,2005,2016,-11
630.298017826087,29,141,553,1,2005-03-17T00:00:00Z,Shag Rock Carrickalinga,4,Inside,23,2005,2016,-11
801.2950592592592,29,141,554,1,2005-03-17T00:00:00Z,Shag Rock Carrickalinga,4,Inside,27,2005,2016,-11
569.399994375,29,141,555,1,2005-03-17T00:00:00Z,Shag Rock Carrickalinga,4,Inside,16,2005,2016,-11
407.47067304347826,29,142,556,1,2006-02-27T00:00:00Z,Shag Rock Carrickalinga,4,Inside,23,2006,2016,-10
513.8330516666666,29,142,557,1,2006-02-27T00:00:00Z,Shag Rock Carrickalinga,4,Inside,18,2006,2016,-10
563.7325857142857,29,142,558,1,2006-02-27T00:00:00Z,Shag Rock Carrickalinga,4,Inside,14,2006,2016,-10
757.0052995,29,142,559,1,2006-02-27T00:00:00Z,Shag Rock Carrickalinga,4,Inside,20,2006,2016,-10
1209.6888523809523,29,143,560,1,2007-02-25T00:00:00Z,Shag Rock Carrickalinga,4,Inside,21,2007,2016,-9
841.4880222727272,29,143,561,1,2007-02-25T00:00:00Z,Shag Rock Carrickalinga,4,Inside,22,2007,2016,-9
424.3787876923077,29,143,562,1,2007-02-25T00:00:00Z,Shag Rock Carrickalinga,4,Inside,13,2007,2016,-9
374.07490333333334,29,143,563,1,2007-02-25T00:00:00Z,Shag Rock Carrickalinga,4,Inside,18,2007,2016,-9
196.1217,29,145,568,1,2008-02-09T00:00:00Z,Shag Rock Carrickalinga,4,Inside,1,2008,2016,-8
960.3763846153846,29,146,569,1,2011-02-01T00:00:00Z,Shag Rock Carrickalinga,4,Inside,13,2011,2016,-5
538.7308444444444,29,146,570,1,2011-02-01T00:00:00Z,Shag Rock Carrickalinga,4,Inside,9,2011,2016,-5
598.6413636363636,29,146,571,1,2011-02-01T00:00:00Z,Shag Rock Carrickalinga,4,Inside,11,2011,2016,-5
320.31647142857145,29,147,572,1,2012-02-02T00:00:00Z,Shag Rock Carrickalinga,4,Inside,7,2012,2016,-4
209.44755,29,147,573,1,2012-02-02T00:00:00Z,Shag Rock Carrickalinga,4,Inside,6,2012,2016,-4
1319.19825,29,147,574,1,2012-02-02T00:00:00Z,Shag Rock Carrickalinga,4,Inside,6,2012,2016,-4
4420.428786363636,29,147,575,1,2012-02-02T00:00:00Z,Shag Rock Carrickalinga,4,Inside,22,2012,2016,-4
790.1714076923078,29,148,576,1,2014-02-05T00:00:00Z,Shag Rock Carrickalinga,4,Inside,13,2014,2016,-2
872.508835,29,148,577,1,2014-02-05T00:00:00Z,Shag Rock Carrickalinga,4,Inside,20,2014,2016,-2
1369.83,29,148,578,1,2014-02-05T00:00:00Z,Shag Rock Carrickalinga,4,Inside,2,2014,2016,-2
3627.5571705882353,29,148,579,1,2014-02-05T00:00:00Z,Shag Rock Carrickalinga,4,Inside,17,2014,2016,-2
255.829725,29,149,580,1,2016-02-08T00:00:00Z,Shag Rock Carrickalinga,4,Inside,8,2016,2016,0
820.4282625,29,149,581,1,2016-02-08T00:00:00Z,Shag Rock Carrickalinga,4,Inside,8,2016,2016,0
2523.2675125,29,149,582,1,2016-02-08T00:00:00Z,Shag Rock Carrickalinga,4,Inside,16,2016,2016,0
1027.7982705882353,29,149,583,1,2016-02-08T00:00:00Z,Shag Rock Carrickalinga,4,Inside,17,2016,2016,0
4968.809752941176,29,150,584,1,2017-03-15T00:00:00Z,Shag Rock Carrickalinga,4,Inside,17,2017,2016,1
3891.2277913043476,29,150,585,1,2017-03-15T00:00:00Z,Shag Rock Carrickalinga,4,Inside,23,2017,2016,1
593.7507285714286,29,150,586,1,2017-03-15T00:00:00Z,Shag Rock Carrickalinga,4,Inside,14,2017,2016,1
950.4772666666667,29,150,587,1,2017-03-15T00:00:00Z,Shag Rock Carrickalinga,4,Inside,18,2017,2016,1
2399.038317857143,29,152,592,1,2018-02-20T00:00:00Z,Shag Rock Carrickalinga,4,Inside,28,2018,2016,2
2140.5906433333334,29,152,593,1,2018-02-20T00:00:00Z,Shag Rock Carrickalinga,4,Inside,30,2018,2016,2
659.4357857142858,29,152,594,1,2018-02-20T00:00:00Z,Shag Rock Carrickalinga,4,Inside,14,2018,2016,2
629.4857571428571,29,152,595,1,2018-02-20T00:00:00Z,Shag Rock Carrickalinga,4,Inside,14,2018,2016,2
585.1421363636364,32,167,653,1,2005-03-18T00:00:00Z,Rapid Head Windmill,4,Inside,11,2005,2016,-11
1087.563853846154,32,167,654,1,2005-03-18T00:00:00Z,Rapid Head Windmill,4,Inside,13,2005,2016,-11
667.8864538461538,32,167,655,1,2005-03-18T00:00:00Z,Rapid Head Windmill,4,Inside,13,2005,2016,-11
925.6511291666667,32,167,656,1,2005-03-18T00:00:00Z,Rapid Head Windmill,4,Inside,24,2005,2016,-11
229.9100027272727,32,168,657,1,2006-03-21T00:00:00Z,Rapid Head Windmill,4,Inside,11,2006,2016,-10
203.762714,32,168,658,1,2006-03-21T00:00:00Z,Rapid Head Windmill,4,Inside,5,2006,2016,-10
352.35935714285716,32,168,659,1,2006-03-21T00:00:00Z,Rapid Head Windmill,4,Inside,7,2006,2016,-10
629.1084533333334,32,168,660,1,2006-03-21T00:00:00Z,Rapid Head Windmill,4,Inside,15,2006,2016,-10
424.96520909090907,32,169,661,1,2007-02-21T00:00:00Z,Rapid Head Windmill,4,Inside,11,2007,2016,-9
1733.9350572222222,32,169,662,1,2007-02-21T00:00:00Z,Rapid Head Windmill,4,Inside,18,2007,2016,-9
1094.6396111764705,32,169,663,1,2007-02-21T00:00:00Z,Rapid Head Windmill,4,Inside,17,2007,2016,-9
567.1333111111111,32,169,664,1,2007-02-21T00:00:00Z,Rapid Head Windmill,4,Inside,9,2007,2016,-9
2397.0543288235294,32,170,665,1,2012-01-31T00:00:00Z,Rapid Head Windmill,4,Inside,17,2012,2016,-4
2568.8388546153847,32,170,666,1,2012-01-31T00:00:00Z,Rapid Head Windmill,4,Inside,26,2012,2016,-4
258.50595666666663,32,170,667,1,2012-01-31T00:00:00Z,Rapid Head Windmill,4,Inside,6,2012,2016,-4
430.0424585714286,32,170,668,1,2012-01-31T00:00:00Z,Rapid Head Windmill,4,Inside,7,2012,2016,-4
438.43673333333334,32,171,669,1,2017-03-20T00:00:00Z,Rapid Head Windmill,4,Inside,9,2017,2016,1
340.42783333333335,32,171,670,1,2017-03-20T00:00:00Z,Rapid Head Windmill,4,Inside,6,2017,2016,1
321.70325,32,171,671,1,2017-03-20T00:00:00Z,Rapid Head Windmill,4,Inside,6,2017,2016,1
216.32185,32,171,672,1,2017-03-20T00:00:00Z,Rapid Head Windmill,4,Inside,4,2017,2016,1
536.1336454545454,32,172,673,1,2018-01-24T00:00:00Z,Rapid Head Windmill,4,Inside,11,2018,2016,2
520.5635166666666,32,172,674,1,2018-01-24T00:00:00Z,Rapid Head Windmill,4,Inside,6,2018,2016,2
2021.7056875,32,172,675,1,2018-01-24T00:00:00Z,Rapid Head Windmill,4,Inside,16,2018,2016,2
299.1641,32,172,676,1,2018-01-24T00:00:00Z,Rapid Head Windmill,4,Inside,13,2018,2016,2
1032.0435846153846,34,175,685,1,2007-02-23T00:00:00Z,Porpoise Head,5,Outside,26,2007,2016,-9
1062.5708565217392,34,175,686,1,2007-02-23T00:00:00Z,Porpoise Head,5,Outside,23,2007,2016,-9
856.2361260869566,34,175,687,1,2007-02-23T00:00:00Z,Porpoise Head,5,Outside,23,2007,2016,-9
783.1656,34,175,688,1,2007-02-23T00:00:00Z,Porpoise Head,5,Outside,26,2007,2016,-9
861.5105916666666,34,176,689,1,2017-06-01T00:00:00Z,Porpoise Head,5,Outside,12,2017,2016,1
458.63122500000003,34,176,690,1,2017-06-01T00:00:00Z,Porpoise Head,5,Outside,16,2017,2016,1
613.0363,34,176,691,1,2017-06-01T00:00:00Z,Porpoise Head,5,Outside,12,2017,2016,1
1588.8777863636365,34,177,693,1,2018-02-09T00:00:00Z,Porpoise Head,5,Outside,22,2018,2016,2
1549.1337384615385,34,177,694,1,2018-02-09T00:00:00Z,Porpoise Head,5,Outside,26,2018,2016,2
816.3010879999999,34,177,695,1,2018-02-09T00:00:00Z,Porpoise Head,5,Outside,25,2018,2016,2
1606.7324,34,177,696,1,2018-02-09T00:00:00Z,Porpoise Head,5,Outside,16,2018,2016,2
650.9889193333333,43,191,749,1,2007-03-22T00:00:00Z,Fishery Beach,5,Outside,15,2007,2016,-9
1291.28907,43,191,750,1,2007-03-22T00:00:00Z,Fishery Beach,5,Outside,6,2007,2016,-9
418.409125,43,191,751,1,2007-03-22T00:00:00Z,Fishery Beach,5,Outside,8,2007,2016,-9
305.9583,43,191,752,1,2007-03-22T00:00:00Z,Fishery Beach,5,Outside,6,2007,2016,-9
252.30776,43,192,753,1,2017-04-12T00:00:00Z,Fishery Beach,5,Outside,5,2017,2016,1
639.3209666666667,43,192,754,1,2017-04-12T00:00:00Z,Fishery Beach,5,Outside,6,2017,2016,1
342.390025,43,192,755,1,2017-04-12T00:00:00Z,Fishery Beach,5,Outside,4,2017,2016,1
594.6904692307693,43,192,756,1,2017-04-12T00:00:00Z,Fishery Beach,5,Outside,13,2017,2016,1
269.15575,43,193,757,1,2018-02-09T00:00:00Z,Fishery Beach,5,Outside,6,2018,2016,2
309.24965,43,193,758,1,2018-02-09T00:00:00Z,Fishery Beach,5,Outside,4,2018,2016,2
613.673225,43,193,759,1,2018-02-09T00:00:00Z,Fishery Beach,5,Outside,12,2018,2016,2
556.0066428571429,43,193,760,1,2018-02-09T00:00:00Z,Fishery Beach,5,Outside,7,2018,2016,2
230.52988399999998,44,194,761,1,2007-09-24T00:00:00Z,Whalebone,7,Outside,5,2007,2016,-9
414.920025,44,194,762,1,2007-09-24T00:00:00Z,Whalebone,7,Outside,4,2007,2016,-9
810.1878466666667,44,194,763,1,2007-09-24T00:00:00Z,Whalebone,7,Outside,15,2007,2016,-9
368.27985,44,194,764,1,2007-09-24T00:00:00Z,Whalebone,7,Outside,14,2007,2016,-9
1317.3450352941177,44,195,765,1,2012-02-08T00:00:00Z,Whalebone,7,Outside,17,2012,2016,-4
684.7056769230769,44,195,766,1,2012-02-08T00:00:00Z,Whalebone,7,Outside,13,2012,2016,-4
1163.045911111111,44,195,768,1,2012-02-08T00:00:00Z,Whalebone,7,Outside,9,2012,2016,-4
1332.2193333333335,44,196,769,1,2013-03-05T00:00:00Z,Whalebone,7,Outside,24,2013,2016,-3
1465.7367285714286,44,196,770,1,2013-03-05T00:00:00Z,Whalebone,7,Outside,28,2013,2016,-3
717.61251,44,196,771,1,2013-03-05T00:00:00Z,Whalebone,7,Outside,20,2013,2016,-3
615.3699666666666,44,196,772,1,2013-03-05T00:00:00Z,Whalebone,7,Outside,12,2013,2016,-3
1610.2550153846155,44,197,773,1,2013-11-01T00:00:00Z,Whalebone,7,Outside,26,2013,2016,-3
692.4717904761904,44,197,774,1,2013-11-01T00:00:00Z,Whalebone,7,Outside,21,2013,2016,-3
540.78106,44,197,775,1,2013-11-01T00:00:00Z,Whalebone,7,Outside,5,2013,2016,-3
829.44678,44,197,776,1,2013-11-01T00:00:00Z,Whalebone,7,Outside,10,2013,2016,-3
1151.5084346153847,44,198,777,1,2017-04-15T00:00:00Z,Whalebone,7,Outside,26,2017,2016,1
1439.1205208,44,198,778,1,2017-04-15T00:00:00Z,Whalebone,7,Outside,25,2017,2016,1
855.3153272727272,44,198,779,1,2017-04-15T00:00:00Z,Whalebone,7,Outside,11,2017,2016,1
684.842623076923,44,198,780,1,2017-04-15T00:00:00Z,Whalebone,7,Outside,26,2017,2016,1
957.824334375,44,199,781,1,2018-01-27T00:00:00Z,Whalebone,7,Outside,32,2018,2016,2
1273.6063172413794,44,199,782,1,2018-01-27T00:00:00Z,Whalebone,7,Outside,29,2018,2016,2
972.7010571428572,44,199,783,1,2018-01-27T00:00:00Z,Whalebone,7,Outside,21,2018,2016,2
986.9103484848484,44,199,784,1,2018-01-27T00:00:00Z,Whalebone,7,Outside,33,2018,2016,2
328.506,45,200,785,1,2013-02-26T00:00:00Z,Rapid Head East,4,Outside,5,2013,2016,-3
805.7567846153846,45,200,786,1,2013-02-26T00:00:00Z,Rapid Head East,4,Outside,13,2013,2016,-3
190.34179875,45,200,787,1,2013-02-26T00:00:00Z,Rapid Head East,4,Outside,8,2013,2016,-3
190.53587666666667,45,200,788,1,2013-02-26T00:00:00Z,Rapid Head East,4,Outside,12,2013,2016,-3
218.0779,45,201,789,1,2011-02-03T00:00:00Z,Rapid Head East,4,Outside,3,2011,2016,-5
360.550345875,45,202,790,1,2012-01-31T00:00:00Z,Rapid Head East,4,Outside,8,2012,2016,-4
244.4699,45,202,791,1,2012-01-31T00:00:00Z,Rapid Head East,4,Outside,4,2012,2016,-4
624.3663642857143,45,202,792,1,2012-01-31T00:00:00Z,Rapid Head East,4,Outside,14,2012,2016,-4
397.31863333333337,45,202,793,1,2012-01-31T00:00:00Z,Rapid Head East,4,Outside,3,2012,2016,-4
317.1071333333333,45,203,794,1,2014-02-05T00:00:00Z,Rapid Head East,4,Outside,3,2014,2016,-2
491.75233333333335,45,203,795,1,2014-02-05T00:00:00Z,Rapid Head East,4,Outside,3,2014,2016,-2
436.91776363636365,45,203,796,1,2014-02-05T00:00:00Z,Rapid Head East,4,Outside,11,2014,2016,-2
432.6240571428571,45,203,797,1,2014-02-05T00:00:00Z,Rapid Head East,4,Outside,7,2014,2016,-2
1697.5668500000002,45,204,798,1,2016-02-09T00:00:00Z,Rapid Head East,4,Outside,2,2016,2016,0
165.93496666666667,45,204,799,1,2016-02-09T00:00:00Z,Rapid Head East,4,Outside,3,2016,2016,0
217.8889,45,204,800,1,2016-02-09T00:00:00Z,Rapid Head East,4,Outside,3,2016,2016,0
388.97895714285715,45,204,801,1,2016-02-09T00:00:00Z,Rapid Head East,4,Outside,7,2016,2016,0
983.1545133333334,45,205,802,1,2017-03-25T00:00:00Z,Rapid Head East,4,Outside,15,2017,2016,1
295.4953111111111,45,205,803,1,2017-03-25T00:00:00Z,Rapid Head East,4,Outside,9,2017,2016,1
300.58171666666664,45,205,804,1,2017-03-25T00:00:00Z,Rapid Head East,4,Outside,6,2017,2016,1
298.47866,45,205,805,1,2017-03-25T00:00:00Z,Rapid Head East,4,Outside,5,2017,2016,1
1514.8026666666667,45,206,806,1,2018-05-16T00:00:00Z,Rapid Head East,4,Outside,6,2018,2016,2
711.05335,45,206,807,1,2018-05-16T00:00:00Z,Rapid Head East,4,Outside,12,2018,2016,2
337.7569375,45,206,808,1,2018-05-16T00:00:00Z,Rapid Head East,4,Outside,8,2018,2016,2
487.77442335,45,206,809,1,2018-05-16T00:00:00Z,Rapid Head East,4,Outside,20,2018,2016,2
296.72845,51,224,878,1,2013-02-28T00:00:00Z,Carrickalinga North3,4,Outside,4,2013,2016,-3
209.39187736363635,51,224,880,1,2013-02-28T00:00:00Z,Carrickalinga North3,4,Outside,11,2013,2016,-3
153.662798,51,224,881,1,2013-02-28T00:00:00Z,Carrickalinga North3,4,Outside,5,2013,2016,-3
1233.14905,51,225,882,1,2016-02-11T00:00:00Z,Carrickalinga North3,4,Outside,4,2016,2016,0
521.25971,51,225,883,1,2016-02-11T00:00:00Z,Carrickalinga North3,4,Outside,10,2016,2016,0
345.19034,51,225,884,1,2016-02-11T00:00:00Z,Carrickalinga North3,4,Outside,5,2016,2016,0
452.63057142857144,51,225,885,1,2016-02-11T00:00:00Z,Carrickalinga North3,4,Outside,7,2016,2016,0
322.8181125,51,226,886,1,2017-03-26T00:00:00Z,Carrickalinga North3,4,Outside,8,2017,2016,1
546.6395666666667,51,226,887,1,2017-03-26T00:00:00Z,Carrickalinga North3,4,Outside,6,2017,2016,1
241.95807200000002,51,226,888,1,2017-03-26T00:00:00Z,Carrickalinga North3,4,Outside,5,2017,2016,1
193.216915,51,226,889,1,2017-03-26T00:00:00Z,Carrickalinga North3,4,Outside,4,2017,2016,1
258.71531,51,227,890,1,2018-03-13T00:00:00Z,Carrickalinga North3,4,Outside,2,2018,2016,2
211.0537,51,227,891,1,2018-03-13T00:00:00Z,Carrickalinga North3,4,Outside,1,2018,2016,2
418.6693375,51,227,892,1,2018-03-13T00:00:00Z,Carrickalinga North3,4,Outside,8,2018,2016,2
355.27722,51,227,893,1,2018-03-13T00:00:00Z,Carrickalinga North3,4,Outside,10,2018,2016,2
624.2232,181,382,1494,1,2008-02-07T00:00:00Z,Rapid Bay Jetty,4,Outside,11,2008,2016,-8
1755.394288,181,382,1495,1,2008-02-07T00:00:00Z,Rapid Bay Jetty,4,Outside,25,2008,2016,-8
557.3033307692308,181,383,1496,1,2011-02-03T00:00:00Z,Rapid Bay Jetty,4,Outside,13,2011,2016,-5
476.691625,181,384,1497,1,2012-01-31T00:00:00Z,Rapid Bay Jetty,4,Outside,4,2012,2016,-4
376.14359,181,384,1498,1,2012-01-31T00:00:00Z,Rapid Bay Jetty,4,Outside,8,2012,2016,-4
11874.712247368421,181,384,1499,1,2012-01-31T00:00:00Z,Rapid Bay Jetty,4,Outside,19,2012,2016,-4
865.8124111111111,181,385,1500,1,2014-01-26T00:00:00Z,Rapid Bay Jetty,4,Outside,18,2014,2016,-2
582.874826923077,181,385,1501,1,2014-01-26T00:00:00Z,Rapid Bay Jetty,4,Outside,26,2014,2016,-2
1382.76880625,181,385,1502,1,2014-01-26T00:00:00Z,Rapid Bay Jetty,4,Outside,32,2014,2016,-2
2250.6208333333334,181,386,1503,1,2014-02-05T00:00:00Z,Rapid Bay Jetty,4,Outside,9,2014,2016,-2
7341.722896,181,386,1504,1,2014-02-05T00:00:00Z,Rapid Bay Jetty,4,Outside,25,2014,2016,-2
3915.490186666667,181,386,1505,1,2014-02-05T00:00:00Z,Rapid Bay Jetty,4,Outside,15,2014,2016,-2
586.5001,181,386,1506,1,2014-02-05T00:00:00Z,Rapid Bay Jetty,4,Outside,1,2014,2016,-2
606.6121028571429,181,387,1507,1,2017-03-20T00:00:00Z,Rapid Bay Jetty,4,Outside,21,2017,2016,1
689.1819882352942,181,387,1508,1,2017-03-20T00:00:00Z,Rapid Bay Jetty,4,Outside,17,2017,2016,1
433.6956818181818,181,387,1509,1,2017-03-20T00:00:00Z,Rapid Bay Jetty,4,Outside,22,2017,2016,1
401.44045,181,387,1510,1,2017-03-20T00:00:00Z,Rapid Bay Jetty,4,Outside,18,2017,2016,1
2939.38036,181,387,1511,1,2017-03-20T00:00:00Z,Rapid Bay Jetty,4,Outside,37,2017,2016,1
2645.865319047619,181,388,1512,1,2018-01-24T00:00:00Z,Rapid Bay Jetty,4,Outside,21,2018,2016,2
467.37941,181,388,1513,1,2018-01-24T00:00:00Z,Rapid Bay Jetty,4,Outside,20,2018,2016,2
1122.2293833333333,181,388,1514,1,2018-01-24T00:00:00Z,Rapid Bay Jetty,4,Outside,36,2018,2016,2
925.1914037037037,181,388,1515,1,2018-01-24T00:00:00Z,Rapid Bay Jetty,4,Outside,27,2018,2016,2
582.6358592592593,181,388,1516,1,2018-01-24T00:00:00Z,Rapid Bay Jetty,4,Outside,27,2018,2016,2
512.3752444444444,259,482,1798,1,2013-03-04T00:00:00Z,Olivers Reef,7,Outside,9,2013,2016,-3
638.8908,259,482,1799,1,2013-03-04T00:00:00Z,Olivers Reef,7,Outside,11,2013,2016,-3
527.64086,259,482,1800,1,2013-03-04T00:00:00Z,Olivers Reef,7,Outside,10,2013,2016,-3
425.48945714285713,259,482,1801,1,2013-03-04T00:00:00Z,Olivers Reef,7,Outside,7,2013,2016,-3
443.57965,259,483,1802,1,2013-11-02T00:00:00Z,Olivers Reef,7,Outside,8,2013,2016,-3
382.8128,259,483,1803,1,2013-11-02T00:00:00Z,Olivers Reef,7,Outside,11,2013,2016,-3
390.1456875,259,483,1804,1,2013-11-02T00:00:00Z,Olivers Reef,7,Outside,8,2013,2016,-3
230.09494999999998,259,483,1805,1,2013-11-02T00:00:00Z,Olivers Reef,7,Outside,8,2013,2016,-3
145.92635,259,484,1806,1,2017-04-14T00:00:00Z,Olivers Reef,7,Outside,4,2017,2016,1
221.946125,259,484,1807,1,2017-04-14T00:00:00Z,Olivers Reef,7,Outside,4,2017,2016,1
410.36796,259,484,1808,1,2017-04-14T00:00:00Z,Olivers Reef,7,Outside,5,2017,2016,1
474.3509181818182,259,484,1809,1,2017-04-14T00:00:00Z,Olivers Reef,7,Outside,11,2017,2016,1
349.39902222222224,259,485,1810,1,2018-01-27T00:00:00Z,Olivers Reef,7,Outside,9,2018,2016,2
332.8025666666667,259,485,1811,1,2018-01-27T00:00:00Z,Olivers Reef,7,Outside,3,2018,2016,2
553.8005761904761,259,485,1812,1,2018-01-27T00:00:00Z,Olivers Reef,7,Outside,21,2018,2016,2
615.9503875,259,485,1813,1,2018-01-27T00:00:00Z,Olivers Reef,7,Outside,8,2018,2016,2
679.89905,263,489,1827,1,2012-11-30T00:00:00Z,Normanville Beach,4,Outside,2,2012,2016,-4
277.2178,263,489,1828,1,2012-11-30T00:00:00Z,Normanville Beach,4,Outside,2,2012,2016,-4
297.04,263,489,1829,1,2012-11-30T00:00:00Z,Normanville Beach,4,Outside,1,2012,2016,-4
889.5177,263,490,1832,1,2013-04-08T00:00:00Z,Normanville Beach,4,Outside,1,2013,2016,-3
204.1498,263,490,1833,1,2013-04-08T00:00:00Z,Normanville Beach,4,Outside,1,2013,2016,-3
432.9414,263,491,1834,1,2017-03-15T00:00:00Z,Normanville Beach,4,Outside,1,2017,2016,1
121.4942,263,491,1835,1,2017-03-15T00:00:00Z,Normanville Beach,4,Outside,1,2017,2016,1
1210.0953666666667,263,491,1836,1,2017-03-15T00:00:00Z,Normanville Beach,4,Outside,3,2017,2016,1
395.24170000000004,263,492,1838,1,2018-02-20T00:00:00Z,Normanville Beach,4,Outside,2,2018,2016,2
432.9414,263,492,1840,1,2018-02-20T00:00:00Z,Normanville Beach,4,Outside,1,2018,2016,2
581.5731,263,492,1841,1,2018-02-20T00:00:00Z,Normanville Beach,4,Outside,1,2018,2016,2
295.0517,296,501,1866,1,2015-09-04T00:00:00Z,Southport,3,Outside,4,2015,2016,-1
499.95394,296,502,1867,1,2016-03-26T00:00:00Z,Southport,3,Outside,5,2016,2016,0
243.94425,296,502,1868,1,2016-03-26T00:00:00Z,Southport,3,Outside,2,2016,2016,0
422.81576666666666,296,502,1869,1,2016-03-26T00:00:00Z,Southport,3,Outside,3,2016,2016,0
202.32260000000002,296,502,1870,1,2016-03-26T00:00:00Z,Southport,3,Outside,2,2016,2016,0
1430.5212642857143,296,503,1873,1,2017-03-23T00:00:00Z,Southport,3,Outside,14,2017,2016,1
254.64232666666666,296,504,1877,1,2018-01-23T00:00:00Z,Southport,3,Outside,3,2018,2016,2
195.5,296,504,1878,1,2018-01-23T00:00:00Z,Southport,3,Outside,1,2018,2016,2
76.923775,297,506,1884,1,2016-02-19T00:00:00Z,Semaphore Reef,1,Outside,2,2016,2016,0
198.82637499999998,297,506,1886,1,2016-02-19T00:00:00Z,Semaphore Reef,1,Outside,3,2016,2016,0
165.36554999999998,297,507,1887,1,2017-02-16T00:00:00Z,Semaphore Reef,1,Outside,2,2017,2016,1
760.1632,297,507,1890,1,2017-02-16T00:00:00Z,Semaphore Reef,1,Outside,1,2017,2016,1
185.9996,297,508,1894,1,2018-01-25T00:00:00Z,Semaphore Reef,1,Outside,3,2018,2016,2
463.50845714285714,298,509,1896,1,2015-09-18T00:00:00Z,Seacliff Reef,2,Outside,7,2015,2016,-1
370.6917,298,509,1897,1,2015-09-18T00:00:00Z,Seacliff Reef,2,Outside,6,2015,2016,-1
629.4998636363637,298,509,1898,1,2015-09-18T00:00:00Z,Seacliff Reef,2,Outside,11,2015,2016,-1
525.20166,298,510,1899,1,2016-03-02T00:00:00Z,Seacliff Reef,2,Outside,20,2016,2016,0
967.1654894736843,298,510,1900,1,2016-03-02T00:00:00Z,Seacliff Reef,2,Outside,19,2016,2016,0
275.24314,298,510,1901,1,2016-03-02T00:00:00Z,Seacliff Reef,2,Outside,5,2016,2016,0
681.77893125,298,510,1902,1,2016-03-02T00:00:00Z,Seacliff Reef,2,Outside,16,2016,2016,0
444.4607666666667,298,511,1903,1,2017-03-06T00:00:00Z,Seacliff Reef,2,Outside,3,2017,2016,1
576.87626875,298,511,1904,1,2017-03-06T00:00:00Z,Seacliff Reef,2,Outside,16,2017,2016,1
708.4228055555556,298,511,1905,1,2017-03-06T00:00:00Z,Seacliff Reef,2,Outside,18,2017,2016,1
596.7524176470588,298,511,1906,1,2017-03-06T00:00:00Z,Seacliff Reef,2,Outside,17,2017,2016,1
131.4801,298,512,1907,1,2018-02-21T00:00:00Z,Seacliff Reef,2,Outside,1,2018,2016,2
753.37114,298,512,1908,1,2018-02-21T00:00:00Z,Seacliff Reef,2,Outside,10,2018,2016,2
833.97972,298,512,1909,1,2018-02-21T00:00:00Z,Seacliff Reef,2,Outside,15,2018,2016,2
477.8893761904762,298,512,1910,1,2018-02-21T00:00:00Z,Seacliff Reef,2,Outside,21,2018,2016,2
615.2687,300,515,1919,1,2015-10-30T00:00:00Z,Parham Reef,1,Outside,1,2015,2016,-1
760.1632,300,516,1923,1,2016-02-20T00:00:00Z,Parham Reef,1,Outside,1,2016,2016,0
760.1632,300,516,1924,1,2016-02-20T00:00:00Z,Parham Reef,1,Outside,1,2016,2016,0
432.9414,300,516,1925,1,2016-02-20T00:00:00Z,Parham Reef,1,Outside,1,2016,2016,0
760.1632,300,516,1926,1,2016-02-20T00:00:00Z,Parham Reef,1,Outside,1,2016,2016,0
344.0495,300,517,1927,1,2017-03-21T00:00:00Z,Parham Reef,1,Outside,1,2017,2016,1
211.0042,300,517,1928,1,2017-03-21T00:00:00Z,Parham Reef,1,Outside,1,2017,2016,1
422.0083,300,517,1929,1,2017-03-21T00:00:00Z,Parham Reef,1,Outside,1,2017,2016,1
935.5671,300,517,1930,1,2017-03-21T00:00:00Z,Parham Reef,1,Outside,5,2017,2016,1
344.0495,300,518,1931,1,2018-01-26T00:00:00Z,Parham Reef,1,Outside,1,2018,2016,2
672.5398117647059,301,519,1935,1,2017-03-10T00:00:00Z,Noarlunga South Outside,3,Inside,17,2017,2016,1
1017.56753,301,519,1936,1,2017-03-10T00:00:00Z,Noarlunga South Outside,3,Inside,20,2017,2016,1
824.5915411764706,301,519,1937,1,2017-03-10T00:00:00Z,Noarlunga South Outside,3,Inside,17,2017,2016,1
652.377355,301,519,1938,1,2017-03-10T00:00:00Z,Noarlunga South Outside,3,Inside,20,2017,2016,1
648.1681666666667,301,520,1939,1,2018-01-23T00:00:00Z,Noarlunga South Outside,3,Inside,15,2018,2016,2
1424.1704227272728,301,520,1940,1,2018-01-23T00:00:00Z,Noarlunga South Outside,3,Inside,22,2018,2016,2
3712.475084,301,520,1941,1,2018-01-23T00:00:00Z,Noarlunga South Outside,3,Inside,25,2018,2016,2
1309.92877,301,520,1942,1,2018-01-23T00:00:00Z,Noarlunga South Outside,3,Inside,20,2018,2016,2
1317.861616,303,521,1943,1,2016-03-25T00:00:00Z,Noarlunga North Outside,3,Inside,25,2016,2016,0
2299.134845,303,521,1944,1,2016-03-25T00:00:00Z,Noarlunga North Outside,3,Inside,20,2016,2016,0
1452.2815789473684,303,522,1945,1,2016-11-18T00:00:00Z,Noarlunga North Outside,3,Inside,19,2016,2016,0
1651.0772210526316,303,522,1946,1,2016-11-18T00:00:00Z,Noarlunga North Outside,3,Inside,19,2016,2016,0
1399.9904470588235,303,523,1947,1,2017-03-06T00:00:00Z,Noarlunga North Outside,3,Inside,17,2017,2016,1
1684.003412,303,523,1948,1,2017-03-06T00:00:00Z,Noarlunga North Outside,3,Inside,25,2017,2016,1
910.3092363636364,303,523,1949,1,2017-03-06T00:00:00Z,Noarlunga North Outside,3,Inside,22,2017,2016,1
1235.1993095238095,303,523,1950,1,2017-03-06T00:00:00Z,Noarlunga North Outside,3,Inside,21,2017,2016,1
1042.9658375,303,524,1951,1,2018-02-21T00:00:00Z,Noarlunga North Outside,3,Inside,24,2018,2016,2
1207.825648,303,524,1952,1,2018-02-21T00:00:00Z,Noarlunga North Outside,3,Inside,25,2018,2016,2
1090.9032,303,524,1953,1,2018-02-21T00:00:00Z,Noarlunga North Outside,3,Inside,29,2018,2016,2
1468.1245551724137,303,524,1954,1,2018-02-21T00:00:00Z,Noarlunga North Outside,3,Inside,29,2018,2016,2
882.23037,306,527,1959,1,2016-03-26T00:00:00Z,Moana Outside,3,Outside,10,2016,2016,0
458.9367894736842,306,527,1960,1,2016-03-26T00:00:00Z,Moana Outside,3,Outside,19,2016,2016,0
836.4064000000001,306,528,1961,1,2016-11-17T00:00:00Z,Moana Outside,3,Outside,2,2016,2016,0
229.83815,306,528,1962,1,2016-11-17T00:00:00Z,Moana Outside,3,Outside,4,2016,2016,0
669.5401916666667,306,529,1963,1,2017-03-23T00:00:00Z,Moana Outside,3,Outside,24,2017,2016,1
668.2427071428572,306,529,1964,1,2017-03-23T00:00:00Z,Moana Outside,3,Outside,14,2017,2016,1
584.17305,306,529,1965,1,2017-03-23T00:00:00Z,Moana Outside,3,Outside,6,2017,2016,1
594.8125181818182,306,529,1966,1,2017-03-23T00:00:00Z,Moana Outside,3,Outside,11,2017,2016,1
594.1868714285714,306,530,1967,1,2018-01-20T00:00:00Z,Moana Outside,3,Outside,21,2018,2016,2
323.0885166666667,306,530,1968,1,2018-01-20T00:00:00Z,Moana Outside,3,Outside,12,2018,2016,2
226.60081666666667,306,530,1969,1,2018-01-20T00:00:00Z,Moana Outside,3,Outside,6,2018,2016,2
438.1836285714286,306,530,1970,1,2018-01-20T00:00:00Z,Moana Outside,3,Outside,7,2018,2016,2
301.00286,311,538,1990,1,2015-08-26T00:00:00Z,Horseshoe Inside,3,Outside,5,2015,2016,-1
228.7938,311,538,1991,1,2015-08-26T00:00:00Z,Horseshoe Inside,3,Outside,1,2015,2016,-1
134.50555,311,538,1992,1,2015-08-26T00:00:00Z,Horseshoe Inside,3,Outside,2,2015,2016,-1
224.363125,311,538,1993,1,2015-08-26T00:00:00Z,Horseshoe Inside,3,Outside,4,2015,2016,-1
1944.6671304347826,311,539,1994,1,2016-03-01T00:00:00Z,Horseshoe Inside,3,Outside,23,2016,2016,0
374.24958,311,539,1995,1,2016-03-01T00:00:00Z,Horseshoe Inside,3,Outside,5,2016,2016,0
408.13044,311,539,1996,1,2016-03-01T00:00:00Z,Horseshoe Inside,3,Outside,15,2016,2016,0
393.2163444444444,311,539,1997,1,2016-03-01T00:00:00Z,Horseshoe Inside,3,Outside,9,2016,2016,0
601.4102333333333,311,540,1998,1,2016-11-18T00:00:00Z,Horseshoe Inside,3,Outside,9,2016,2016,0
412.243325,311,540,1999,1,2016-11-18T00:00:00Z,Horseshoe Inside,3,Outside,8,2016,2016,0
685.6303875,311,541,2e3,1,2017-03-10T00:00:00Z,Horseshoe Inside,3,Outside,8,2017,2016,1
325.4745222222222,311,541,2001,1,2017-03-10T00:00:00Z,Horseshoe Inside,3,Outside,9,2017,2016,1
843.3279095238096,311,541,2002,1,2017-03-10T00:00:00Z,Horseshoe Inside,3,Outside,21,2017,2016,1
484.69398333333334,311,541,2003,1,2017-03-10T00:00:00Z,Horseshoe Inside,3,Outside,6,2017,2016,1
1028.4467285714286,311,542,2004,1,2018-01-23T00:00:00Z,Horseshoe Inside,3,Outside,14,2018,2016,2
323.317,311,542,2005,1,2018-01-23T00:00:00Z,Horseshoe Inside,3,Outside,5,2018,2016,2
566.8544,311,542,2006,1,2018-01-23T00:00:00Z,Horseshoe Inside,3,Outside,9,2018,2016,2
528.416525,311,542,2007,1,2018-01-23T00:00:00Z,Horseshoe Inside,3,Outside,8,2018,2016,2
246.27,316,545,2012,1,2015-08-27T00:00:00Z,Broken Bottom,2,Outside,2,2015,2016,-1
432.9414,316,545,2013,1,2015-08-27T00:00:00Z,Broken Bottom,2,Outside,1,2015,2016,-1
211.0042,316,545,2014,1,2015-08-27T00:00:00Z,Broken Bottom,2,Outside,1,2015,2016,-1
316.85625000000005,316,545,2015,1,2015-08-27T00:00:00Z,Broken Bottom,2,Outside,2,2015,2016,-1
321.657575,316,546,2016,1,2016-02-18T00:00:00Z,Broken Bottom,2,Outside,4,2016,2016,0
400.36685,316,546,2017,1,2016-02-18T00:00:00Z,Broken Bottom,2,Outside,10,2016,2016,0
163.49005,316,546,2018,1,2016-02-18T00:00:00Z,Broken Bottom,2,Outside,2,2016,2016,0
394.1241,316,546,2019,1,2016-02-18T00:00:00Z,Broken Bottom,2,Outside,3,2016,2016,0
279.7653,316,547,2020,1,2017-02-16T00:00:00Z,Broken Bottom,2,Outside,1,2017,2016,1
692.2299777777778,316,547,2021,1,2017-02-16T00:00:00Z,Broken Bottom,2,Outside,9,2017,2016,1
1683.362,316,547,2022,1,2017-02-16T00:00:00Z,Broken Bottom,2,Outside,1,2017,2016,1
495.4950727272727,316,547,2023,1,2017-02-16T00:00:00Z,Broken Bottom,2,Outside,11,2017,2016,1
131.4801,316,548,2024,1,2018-01-25T00:00:00Z,Broken Bottom,2,Outside,1,2018,2016,2
204.1498,316,548,2025,1,2018-01-25T00:00:00Z,Broken Bottom,2,Outside,1,2018,2016,2
301.31192,316,548,2026,1,2018-01-25T00:00:00Z,Broken Bottom,2,Outside,5,2018,2016,2
658.76035,316,548,2027,1,2018-01-25T00:00:00Z,Broken Bottom,2,Outside,8,2018,2016,2
791.703632,347,585,2154,1,2017-03-23T00:00:00Z,Aldinga Pinnacles,3,Inside,25,2017,2016,1
972.0454791666666,347,585,2155,1,2017-03-23T00:00:00Z,Aldinga Pinnacles,3,Inside,24,2017,2016,1
707.8134176470588,347,585,2156,1,2017-03-23T00:00:00Z,Aldinga Pinnacles,3,Inside,34,2017,2016,1
738.7474363636363,347,585,2157,1,2017-03-23T00:00:00Z,Aldinga Pinnacles,3,Inside,22,2017,2016,1
1264.1924666666666,347,586,2158,1,2018-01-20T00:00:00Z,Aldinga Pinnacles,3,Inside,12,2018,2016,2
1265.1962772727272,347,586,2159,1,2018-01-20T00:00:00Z,Aldinga Pinnacles,3,Inside,22,2018,2016,2
659.9439275862069,347,586,2160,1,2018-01-20T00:00:00Z,Aldinga Pinnacles,3,Inside,29,2018,2016,2
2038.097218181818,347,586,2161,1,2018-01-20T00:00:00Z,Aldinga Pinnacles,3,Inside,22,2018,2016,2
292.7164,354,587,2162,1,2017-02-14T00:00:00Z,Myponga Reef,4,Outside,5,2017,2016,1
274.7638,354,587,2163,1,2017-02-14T00:00:00Z,Myponga Reef,4,Outside,4,2017,2016,1
386.95128571428575,354,587,2164,1,2017-02-14T00:00:00Z,Myponga Reef,4,Outside,7,2017,2016,1
471.3827714285714,354,587,2165,1,2017-02-14T00:00:00Z,Myponga Reef,4,Outside,7,2017,2016,1
304.53066,354,588,2166,1,2018-02-19T00:00:00Z,Myponga Reef,4,Outside,5,2018,2016,2
286.68336,354,588,2167,1,2018-02-19T00:00:00Z,Myponga Reef,4,Outside,5,2018,2016,2
388.22382857142856,354,588,2168,1,2018-02-19T00:00:00Z,Myponga Reef,4,Outside,7,2018,2016,2
453.32612727272726,354,588,2169,1,2018-02-19T00:00:00Z,Myponga Reef,4,Outside,11,2018,2016,2
1068.7009833333334,357,589,2170,1,2017-04-04T00:00:00Z,Cape Jervis South,5,Outside,6,2017,2016,1
491.6759777777778,357,589,2171,1,2017-04-04T00:00:00Z,Cape Jervis South,5,Outside,9,2017,2016,1
396.9749,357,589,2172,1,2017-04-04T00:00:00Z,Cape Jervis South,5,Outside,6,2017,2016,1
284.9758166666667,357,589,2173,1,2017-04-04T00:00:00Z,Cape Jervis South,5,Outside,6,2017,2016,1
380.2261692,357,590,2174,1,2018-02-19T00:00:00Z,Cape Jervis South,5,Outside,5,2018,2016,2
340.5124,357,590,2175,1,2018-02-19T00:00:00Z,Cape Jervis South,5,Outside,2,2018,2016,2
956.0314333333333,357,590,2176,1,2018-02-19T00:00:00Z,Cape Jervis South,5,Outside,6,2018,2016,2
894.6180833333333,357,590,2177,1,2018-02-19T00:00:00Z,Cape Jervis South,5,Outside,6,2018,2016,2
1784.4890833333334,382,602,2222,1,2017-02-14T00:00:00Z,Lady Bay,4,Outside,6,2017,2016,1
240.15763333333334,382,602,2223,1,2017-02-14T00:00:00Z,Lady Bay,4,Outside,3,2017,2016,1
673.4990375,382,602,2224,1,2017-02-14T00:00:00Z,Lady Bay,4,Outside,8,2017,2016,1
365.0537333333333,382,602,2225,1,2017-02-14T00:00:00Z,Lady Bay,4,Outside,3,2017,2016,1
543.6065461538461,382,603,2226,1,2018-02-06T00:00:00Z,Lady Bay,4,Outside,13,2018,2016,2
358.33816666666667,382,603,2227,1,2018-02-06T00:00:00Z,Lady Bay,4,Outside,6,2018,2016,2
443.62184,382,603,2228,1,2018-02-06T00:00:00Z,Lady Bay,4,Outside,5,2018,2016,2
908.2496833333333,382,603,2229,1,2018-02-06T00:00:00Z,Lady Bay,4,Outside,6,2018,2016,2
182.0841,385,604,2233,1,2017-03-15T00:00:00Z,Yankalilla Mouth,4,Outside,1,2017,2016,1
230.6731,385,605,2235,1,2018-02-06T00:00:00Z,Yankalilla Mouth,4,Outside,2,2018,2016,2
381.1820333333333,386,606,2238,1,2017-03-15T00:00:00Z,South Shores,4,Outside,3,2017,2016,1
299.653425,386,606,2239,1,2017-03-15T00:00:00Z,South Shores,4,Outside,4,2017,2016,1
395.24170000000004,386,606,2240,1,2017-03-15T00:00:00Z,South Shores,4,Outside,2,2017,2016,1
868.3143333333334,386,606,2241,1,2017-03-15T00:00:00Z,South Shores,4,Outside,3,2017,2016,1
1496.771825,386,607,2242,1,2018-02-20T00:00:00Z,South Shores,4,Outside,4,2018,2016,2
966.7677571428571,386,607,2243,1,2018-02-20T00:00:00Z,South Shores,4,Outside,14,2018,2016,2
369.515275,386,607,2244,1,2018-02-20T00:00:00Z,South Shores,4,Outside,4,2018,2016,2
924.2736,386,607,2245,1,2018-02-20T00:00:00Z,South Shores,4,Outside,12,2018,2016,2
535.2746833333333,387,608,2246,1,2017-03-21T00:00:00Z,Port Gawler,1,Outside,6,2017,2016,1
632.4066666666666,387,608,2247,1,2017-03-21T00:00:00Z,Port Gawler,1,Outside,3,2017,2016,1
1493.149,387,609,2250,1,2018-01-26T00:00:00Z,Port Gawler,1,Outside,1,2018,2016,2
2435.79295,387,609,2251,1,2018-01-26T00:00:00Z,Port Gawler,1,Outside,2,2018,2016,2
976.6337,387,609,2253,1,2018-01-26T00:00:00Z,Port Gawler,1,Outside,2,2018,2016,2
367.1200166666667,390,610,2254,1,2017-04-06T00:00:00Z,Backstairs Deep,5,Outside,6,2017,2016,1
2522.7440666666666,390,610,2255,1,2017-04-06T00:00:00Z,Backstairs Deep,5,Outside,6,2017,2016,1
793.0628769230769,390,610,2256,1,2017-04-06T00:00:00Z,Backstairs Deep,5,Outside,13,2017,2016,1
505.18534444444447,390,610,2257,1,2017-04-06T00:00:00Z,Backstairs Deep,5,Outside,18,2017,2016,1
914.8040428571428,390,611,2258,1,2018-02-07T00:00:00Z,Backstairs Deep,5,Outside,14,2018,2016,2
612.136,390,611,2259,1,2018-02-07T00:00:00Z,Backstairs Deep,5,Outside,7,2018,2016,2
564.401205,390,611,2260,1,2018-02-07T00:00:00Z,Backstairs Deep,5,Outside,20,2018,2016,2
754.3204019047619,390,611,2261,1,2018-02-07T00:00:00Z,Backstairs Deep,5,Outside,21,2018,2016,2
555.1622882352941,391,612,2262,1,2017-04-06T00:00:00Z,Deep Creek,5,Outside,17,2017,2016,1
876.560319047619,391,612,2263,1,2017-04-06T00:00:00Z,Deep Creek,5,Outside,21,2017,2016,1
1687.400823076923,391,612,2264,1,2017-04-06T00:00:00Z,Deep Creek,5,Outside,26,2017,2016,1
695.1615684210526,391,612,2265,1,2017-04-06T00:00:00Z,Deep Creek,5,Outside,19,2017,2016,1
567.1037142857143,391,613,2266,1,2018-02-07T00:00:00Z,Deep Creek,5,Outside,14,2018,2016,2
824.90823125,391,613,2267,1,2018-02-07T00:00:00Z,Deep Creek,5,Outside,16,2018,2016,2
1223.314947826087,391,613,2268,1,2018-02-07T00:00:00Z,Deep Creek,5,Outside,23,2018,2016,2
911.4415,391,613,2269,1,2018-02-07T00:00:00Z,Deep Creek,5,Outside,13,2018,2016,2
319.10515,392,614,2270,1,2017-04-14T00:00:00Z,Chiton Rocks,7,Outside,4,2017,2016,1
242.9883,392,614,2271,1,2017-04-14T00:00:00Z,Chiton Rocks,7,Outside,1,2017,2016,1
216.91840000000002,392,614,2272,1,2017-04-14T00:00:00Z,Chiton Rocks,7,Outside,2,2017,2016,1
452.717575,392,615,2274,1,2018-04-10T00:00:00Z,Chiton Rocks,7,Outside,4,2018,2016,2
225.957925,392,615,2275,1,2018-04-10T00:00:00Z,Chiton Rocks,7,Outside,4,2018,2016,2
127.62366666666667,392,615,2276,1,2018-04-10T00:00:00Z,Chiton Rocks,7,Outside,3,2018,2016,2
450.0229,392,615,2277,1,2018-04-10T00:00:00Z,Chiton Rocks,7,Outside,2,2018,2016,2
336.6725,393,616,2278,1,2017-05-09T00:00:00Z,Encounter Deep,7,Outside,1,2017,2016,1
1237.4454833333334,393,616,2280,1,2017-05-09T00:00:00Z,Encounter Deep,7,Outside,6,2017,2016,1
230.02943333333334,393,616,2281,1,2017-05-09T00:00:00Z,Encounter Deep,7,Outside,3,2017,2016,1
414.97184166666665,393,617,2282,1,2018-02-08T00:00:00Z,Encounter Deep,7,Outside,12,2018,2016,2
558.8793666666667,393,617,2283,1,2018-02-08T00:00:00Z,Encounter Deep,7,Outside,3,2018,2016,2
302.55225,393,617,2284,1,2018-02-08T00:00:00Z,Encounter Deep,7,Outside,2,2018,2016,2
257.71495,393,617,2285,1,2018-02-08T00:00:00Z,Encounter Deep,7,Outside,2,2018,2016,2
512.0113,394,619,2290,1,2018-04-10T00:00:00Z,Port Elliot Deep,7,Inside,4,2018,2016,2
424.59332,394,619,2291,1,2018-04-10T00:00:00Z,Port Elliot Deep,7,Inside,5,2018,2016,2
420.19722,394,619,2292,1,2018-04-10T00:00:00Z,Port Elliot Deep,7,Inside,5,2018,2016,2
362.51509999999996,394,619,2293,1,2018-04-10T00:00:00Z,Port Elliot Deep,7,Inside,3,2018,2016,2
275.32116666666667,395,620,2296,1,2017-06-13T00:00:00Z,Basham's Beach,7,Inside,3,2017,2016,1
5038.716,395,621,2299,1,2018-04-10T00:00:00Z,Basham's Beach,7,Inside,1,2018,2016,2
