OpCode,SiteName,Waypoint,Lattitude,Longitude,MapDatum,MapMethod,Date,TimeIn,BruvType,UNIQUE_ID,UTMzone,Easting,Northing,FieldLead,FieldTeam,MonType,Bottom Temp
ARCO01_1512,Aldinga Reef Central Out 01,595,-35.309134,138.425168,WGS84,GPS,42348,0.46875,Stereo,152,54,265903,6089633,Dmiller,BST,Core,20
ARCO02_1512,Aldinga Reef Central Out 02,594,-35.310597,138.425011,WGS84,GPS,42348,0.473611111111111,Stereo,152,54,265893,6089470,Dmiller,BST,Core,20
ARCO03_1512,Aldinga Reef Central Out 03,596,-35.311793,138.424192,WGS84,GPS,42348,0.477083333333333,Stereo,152,54,265822,6089336,Dmiller,BST,Core,20
ARCO04_1512,Aldinga Reef Central Out 04,597,-35.313552,138.423606,WGS84,GPS,42348,0.48125,Stereo,152,54,265774,6089139,Dmiller,BST,Core,20
ARNI01_1512,Aldinga Reef North In 01,588,-35.262566,138.444427999999,WGS84,GPS,42348,0.5625,Stereo,66,54,267521,6094844,Dmiller,BST,Core,19.3
ARNI02_1512,Aldinga Reef North In 02,587,-35.2629439999999,138.441638,WGS84,GPS,42348,0.555555555555556,Stereo,66,54,267269,6094796,Dmiller,BST,Core,19.3
ARNI03_1512,Aldinga Reef North In 03,586,-35.2640129999999,138.439978,WGS84,GPS,42348,0.572916666666667,Stereo,66,54,267121,6094673,Dmiller,BST,Core,19.3
ARNI04_1512,Aldinga Reef North In 04,585,-35.2650149999999,138.437802,WGS84,GPS,42348,0.577083333333333,Stereo,66,54,266925,6094557,Dmiller,BST,Core,19.3
ARNO01_1512,Aldinga Reef North Out 01,5,-35.2882579999999,138.425743,WGS84,GPS,42348,0.395833333333333,Stereo,152,54,265895,6091950,Dmiller,BST,Core,20.6
ARNO02_1512,Aldinga Reef North Out 02,6,-35.290101,138.425875999999,WGS84,GPS,42348,0.402777777777778,Stereo,152,54,265913,6091746,Dmiller,BST,Core,20.6
ARNO03_1512,Aldinga Reef North Out 03,7,-35.291901,138.426227,WGS84,GPS,42348,0.411111111111111,Stereo,152,54,265950,6091547,Dmiller,BST,Core,20.6
ARNO04_1512,Aldinga Reef North Out 04,8,-35.2937239999999,138.426425999999,WGS84,GPS,42348,0.416666666666667,Stereo,152,54,265973,6091345,Dmiller,BST,Core,20.6
ARSI01_1512,Aldinga Reef South In 01,1,-35.275255,138.429645999999,WGS84,GPS,42348,0.411805555555556,Stereo,66,54,266213,6093402,Dmiller,BST,Core,20
ARSI02_1512,Aldinga Reef South In 02,2,-35.277158,138.429701999999,WGS84,GPS,42348,0.407638888888889,Stereo,66,54,266223,6093191,Dmiller,BST,Core,20
ARSI03_1512,Aldinga Reef South In 03,3,-35.2790889999999,138.428674,WGS84,GPS,42348,0.400694444444444,Stereo,66,54,266135,6092974,Dmiller,BST,Core,20
ARSI04_1512,Aldinga Reef South In 04,4,-35.2808909999999,138.428043,WGS84,GPS,42348,0.395138888888889,Stereo,66,54,266083,6092773,Dmiller,BST,Core,20
ARCI01_1512,Aldinga Reef Central In 01,593,-35.267403,138.431681,WGS84,GPS,42348,0.488888888888889,Stereo,66,54,266375,6094278,Dmiller,BST,Core,19.6999999999999
ARCI02_1512,Aldinga Reef Central In 02,592,-35.26867,138.431031999999,WGS84,GPS,42348,0.484027777777778,Stereo,66,54,266320,6094136,Dmiller,BST,Core,19.6999999999999
ARCI03_1512,Aldinga Reef Central In 03,590,-35.270124,138.429506,WGS84,GPS,42348,0.478472222222222,Stereo,66,54,266185,6093971,Dmiller,BST,Core,19.6999999999999
ARCI04_1512,Aldinga Reef Central In 04,589,-35.272385,138.428794,WGS84,GPS,42348,0.472222222222222,Stereo,66,54,266127,6093718,Dmiller,BST,Core,19.6999999999999
ARSO02_1512,Aldinga Reef South Out 02,10,-35.334763,138.424308999999,WGS84,GPS,42348,0.545138888888889,Stereo,152,54,265899,6086788,Dmiller,BST,Core,19.8999999999999
ARSO03_1512,Aldinga Reef South Out 03,11,-35.33677,138.424504,WGS84,GPS,42348,0.549305555555556,Stereo,152,54,265922,6086565,Dmiller,BST,Core,19.8999999999999
ARSO04_1512,Aldinga Reef South Out 04,12,-35.338647,138.424757,WGS84,GPS,42348,0.552777777777778,Stereo,152,54,265951,6086358,Dmiller,BST,Core,19.8999999999999
CHHO01_1511,Chinaman's Hat Haystack Is Out 01,541,-35.3231474384665,136.909566605463,WGS84,GPS,17/11/2015,1:52:17 PM,Stereo,144,53,673574,6089447,DColella,BST,Core,17.8
CHHO02_1511,Chinaman's Hat Haystack Is Out 02,540,-35.3204473759979,136.909229652956,WGS84,GPS,17/11/2015,1:46:31 PM,Stereo,144,53,673549,6089747,DColella,BST,Core,17.8
CHHO03_1511,Chinaman's Hat Haystack Is Out 03,539,-35.318560777232,136.906820023432,WGS84,GPS,17/11/2015,1:35:42 PM,Stereo,144,53,673334,6089961,DColella,BST,Core,17.8
CHHO04_1511,Chinaman's Hat Haystack Is Out 04,538,-35.3195234388113,136.90414099954,WGS84,GPS,17/11/2015,1:30:54 PM,Stereo,144,53,673089,6089859,DColella,BST,Core,17.8
CHNI01_1511,Chinaman's Hat North In 01,531,-35.3018251340836,136.947224652394,WGS84,GPS,17/11/2015,11:33:56 AM,Stereo,55,53,677044,6091746,DColella,BST,Core,18.3
CHNI02_1511,Chinaman's Hat North In 02,532,-35.3033387381583,136.944376984611,WGS84,GPS,17/11/2015,11:40:33 AM,Stereo,55,53,676782,6091583,DColella,BST,Core,18.3
CHNI03_1511,Chinaman's Hat North In 03,533,-35.3048323094844,136.94196106866,WGS84,GPS,17/11/2015,11:49:43 AM,Stereo,55,53,676559,6091422,DColella,BST,Core,18.3
CHNI04_1511,Chinaman's Hat North In 04,534,-35.3066781722009,136.939213816076,WGS84,GPS,17/11/2015,11:56:10 AM,Stereo,55,53,676305,6091222,DColella,BST,Core,18.3
CHNO01_1511,Chinaman's Hat North Out 01,507,-35.3060217853635,136.884413184598,WGS84,GPS,16/11/2015,11:23:38 AM,Stereo,144,53,671324,6091391,DColella,BST,Core,17.4
CHNO02_1511,Chinaman's Hat North Out 02,508,-35.304564172402,136.887505184859,WGS84,GPS,16/11/2015,11:39:39 AM,Stereo,144,53,671608,6091547,DColella,BST,Core,17.4
CHNO03_1511,Chinaman's Hat North Out 03,509,-35.3039201907813,136.89000156708,WGS84,GPS,16/11/2015,11:48:17 AM,Stereo,144,53,671836,6091614,DColella,BST,Core,17.4
CHNO04_1511,Chinaman's Hat North Out 04,510,-35.3030822519212,136.892363252118,WGS84,GPS,16/11/2015,11:57:48 AM,Stereo,144,53,672053,6091703,DColella,BST,Core,17.4
CHSI01_1511,Chinaman's Hat South In 01,515,-35.3295773640275,136.931410180404,WGS84,GPS,16/11/2015,2:26:05 PM,Stereo,55,53,675546,6088696,DColella,BST,Core,17.2
CHSI02_1511,Chinaman's Hat South In 02,512,-35.3295141644775,136.92890449427,WGS84,GPS,16/11/2015,1:35:51 PM,Stereo,55,53,675318,6088707,DColella,BST,Core,17.2
CHSI03_1511,Chinaman's Hat South In 03,513,-35.3293995000422,136.926387576386,WGS84,GPS,16/11/2015,1:43:11 PM,Stereo,55,53,675090,6088724,DColella,BST,Core,17.2
CHSI04_1511,Chinaman's Hat South In 04,514,-35.3283449728041,136.923514008522,WGS84,GPS,16/11/2015,1:49:53 PM,Stereo,55,53,674831,6088846,DColella,BST,Core,17.2
CHSO01_1511,Chinaman's Hat South Out 01,529,-35.3401287551969,136.890467181801,WGS84,GPS,17/11/2015,1/01/1900 9:32:07 AM,Stereo,144,53,671802,6087597,DColella,BST,Core,17.9
CHSO02_1511,Chinaman's Hat South Out 02,528,-35.341720059514,136.888959612697,WGS84,GPS,17/11/2015,1/01/1900 9:23:14 AM,Stereo,144,53,671661,6087423,DColella,BST,Core,17.9
CHSO03_1511,Chinaman's Hat South Out 03,527,-35.3427740000188,136.886803954839,WGS84,GPS,17/11/2015,1/01/1900 9:14:19 AM,Stereo,144,53,671463,6087310,DColella,BST,Core,17.9
CHSO04_1511,Chinaman's Hat South Out 04,526,-35.3449468407779,136.887399991974,WGS84,GPS,17/11/2015,1/01/1900 9:06:16 AM,Stereo,144,53,671513,6087068,DColella,BST,Core,17.9
CSEI01_1511,Chinaman's Hat Seal Is In 01,502,-35.3406897559762,136.921922368928,WGS84,GPS,15/11/2015,1/01/1900 9:26:44 AM,Stereo,55,53,674660,6087480,DColella,BST,Core,17.5
CSEI02_1511,Chinaman's Hat Seal Is In 02,503,-35.3395202290266,136.922930963337,WGS84,GPS,15/11/2015,1/01/1900 9:35:39 AM,Stereo,55,53,674754,6087608,DColella,BST,Core,17.5
CSEI03_1511,Chinaman's Hat Seal Is In 03,504,-35.3371359128504,136.919429004192,WGS84,GPS,15/11/2015,1/01/1900 9:44:59 AM,Stereo,55,53,674441,6087878,DColella,BST,Core,17.5
CSEI04_1511,Chinaman's Hat Seal Is In 04,505,-35.3378812316805,136.914760284125,WGS84,GPS,15/11/2015,1/01/1900 9:48:42 AM,Stereo,55,53,674015,6087804,DColella,BST,Core,17.5
PINI01_1604,Pages Islands North Inside 01,679,-35.7276045251637,138.312397459521,WGS84,GPS,19/04/2016,9:33:15 AM,Stereo,74,54,256914,6042933,Sholland,BST,Core,17.2
PINI02_1604,Pages Islands North Inside 02,680,-35.7300191000103,138.312365356832,WGS84,GPS,19/04/2016,9:40:08 AM,Stereo,74,54,256918,6042665,Sholland,BST,Core,17.2
PINI03_1604,Pages Islands North Inside 03,681,-35.7324777636677,138.3129637409,WGS84,GPS,19/04/2016,9:48:55 AM,Stereo,74,54,256980,6042394,Sholland,BST,Core,17.2
PINI04_1604,Pages Islands North Inside 04,682,-35.7350560370832,138.312753774225,WGS84,GPS,19/04/2016,9:55:30 AM,Stereo,74,54,256969,6042107,Sholland,BST,Core,17.2
PIEI01_1604,Pages Islands East Inside 01,684,-35.7575315237045,138.304571025073,WGS84,GPS,19/04/2016,11:30:58 AM,Stereo,74,54,256297,6039593,Sholland,BST,Core,17.2
PIEI02_1604,Pages Islands East Inside 02,685,-35.7588774058967,138.30650338903,WGS84,GPS,19/04/2016,11:37:47 AM,Stereo,74,54,256476,6039449,Sholland,BST,Core,17.2
PIEI03_1604,Pages Islands East Inside 03,686,-35.7606935966759,138.305623959749,WGS84,GPS,19/04/2016,11:47:56 AM,Stereo,74,54,256402,6039245,Sholland,BST,Core,17.2
PIEI04_1604,Pages Islands East Inside 04,688,-35.7615717686712,138.303099581971,WGS84,GPS,19/04/2016,11:53:57 AM,Stereo,74,54,256176,6039141,Sholland,BST,Core,17.3
PIWI01_1604,Pages Islands West Inside 01,690,-35.7612479757517,138.298090724274,WGS84,GPS,19/04/2016,1:23:32 PM,Stereo,74,54,255723,6039165,Sholland,BST,Core,17.4
PIWI02_1604,Pages Islands West Inside 02,691,-35.7596430089324,138.297353368252,WGS84,GPS,19/04/2016,1:29:10 PM,Stereo,74,54,255651,6039341,Sholland,BST,Core,17.2
PIWI03_1604,Pages Islands West Inside 03,692,-35.758069306612,138.296884233132,WGS84,GPS,19/04/2016,1:33:22 PM,Stereo,74,54,255604,6039514,Sholland,BST,Core,17.2
PIWI04_1604,Pages Islands West Inside 04,693,-35.7570214010775,138.29816121608,WGS84,GPS,19/04/2016,1:38:35 PM,Stereo,74,54,255716,6039634,Sholland,BST,Core,17.2
PINO01_1604,Pages Islands North Outside 01,694,-35.7092255260795,138.310727365314,WGS84,GPS,20/04/2016,1/01/1900 9:23:17 AM,Stereo,153,54,256707,6044968,Sholland,BST,Core,17.2
PINO02_1604,Pages Islands North Outside 02,695,-35.7120684161782,138.3133151941,WGS84,GPS,20/04/2016,9:30:04 AM,Stereo,153,54,256950,6044659,Sholland,BST,Core,17.2
PINO03_1604,Pages Islands North Outside 03,696,-35.7146232202649,138.31134578213,WGS84,GPS,20/04/2016,9:36:42 AM,Stereo,153,54,256779,6044371,Sholland,BST,Core,17.2
PINO04_1604,Pages Islands North Outside 04,697,-35.7134151365607,138.307779449969,WGS84,GPS,20/04/2016,9:41:31 AM,Stereo,153,54,256453,6044496,Sholland,BST,Core,17.2
PIWO01_1604,Pages Islands West Outside 01,699,-35.7740213256329,138.291654512286,WGS84,GPS,20/04/2016,11:28:18 AM,Stereo,153,54,255180,6037731,Sholland,BST,Core,17.2
PIWO02_1604,Pages Islands West Outside 02,700,-35.7748042792081,138.289596838876,WGS84,GPS,20/04/2016,11:32:49 AM,Stereo,153,54,254996,6037639,Sholland,BST,Core,17.2
PIWO03_1604,Pages Islands West Outside 03,701,-35.7764228247106,138.288532420992,WGS84,GPS,20/04/2016,11:37:28 AM,Stereo,153,54,254905,6037457,Sholland,BST,Core,17.2
PIWO04_1604,Pages Islands West Outside 04,702,-35.7786590326577,138.288747081533,WGS84,GPS,20/04/2016,11:41:07 AM,Stereo,153,54,254931,6037210,Sholland,BST,Core,17.2
PIEO01_1604,Pages Islands East Outside 01,703,-35.7823593914508,138.292429838329,WGS84,GPS,20/04/2016,1:21:19 PM,Stereo,153,54,255275,6036808,Sholland,BST,Core,17.3
PIEO02_1604,Pages Islands East Outside 02,704,-35.7805024646222,138.291925247758,WGS84,GPS,20/04/2016,1:25:42 PM,Stereo,153,54,255224,6037013,Sholland,BST,Core,17.3
PIEO03_1604,Pages Islands East Outside 03,705,-35.7789922133088,138.293177084997,WGS84,GPS,20/04/2016,1:31:40 PM,Stereo,153,54,255333,6037184,Sholland,BST,Core,17.2
PIEO04_1604,Pages Islands East Outside 04,706,-35.7773935329169,138.294811556115,WGS84,GPS,20/04/2016,1:36:25 PM,Stereo,153,54,255475,6037365,Sholland,BST,Core,17.3
SGCI01_1601,Sponge Gardens Central In 01,657,-35.7413315679878,138.036280721426,WGS84,GPS,21/01/2016,11:38:43 AM,Stereo,73,54,231979,6040690,SHolland,BST,Core,19.2
SGCI03_1601,Sponge Gardens Central In 03,655,-35.7412987109273,138.043100908398,WGS84,GPS,21/01/2016,11:22:23 AM,Stereo,73,54,232596,6040712,SHolland,BST,Core,19.1
SGCI04_1601,Sponge Gardens Central In 04,654,-35.7417514175176,138.045249106362,WGS84,GPS,21/01/2016,11:14:46 AM,Stereo,73,54,232792,6040668,SHolland,BST,Core,19.1
SGCO01_1601,Sponge Gardens Central Out 01,641,-35.7208353001624,137.960136076435,WGS84,GPS,20/01/2016,11:28:37 AM,Stereo,201,53,767765,6042974,SHolland,BST,Core,19.6
SGCO02_1601,Sponge Gardens Central Out 02,640,-35.7201227545738,137.962363315746,WGS84,GPS,20/01/2016,11:21:23 AM,Stereo,201,53,767969,6043047,SHolland,BST,Core,19.5
SGCO03_1601,Sponge Gardens Central Out 03,639,-35.7193213608115,137.965244008228,WGS84,GPS,20/01/2016,11:12:34 AM,Stereo,201,53,768233,6043128,SHolland,BST,Core,19.4
SGCO04_1601,Sponge Gardens Central Out 04,638,-35.7193478476256,137.969198422506,WGS84,GPS,20/01/2016,11:03:44 AM,Stereo,201,53,768590,6043114,SHolland,BST,Core,19.4
SGEI01_1601,Sponge Gardens East In 01,651,-35.7528670784085,138.060054229572,WGS84,GPS,21/01/2016,1/01/1900 9:42:51 AM,Stereo,73,54,234168,6039475,SHolland,BST,Core,19
SGEI02_1601,Sponge Gardens East In 02,650,-35.7550316210836,138.06247475557,WGS84,GPS,21/01/2016,1/01/1900 9:31:35 AM,Stereo,73,54,234394,6039241,SHolland,BST,Core,19
SGEI04_1601,Sponge Gardens East In 04,648,-35.7584614120423,138.066477617248,WGS84,GPS,21/01/2016,1/01/1900 9:14:47 AM,Stereo,73,54,234768,6038871,SHolland,BST,Core,19
SGEO01_1601,Sponge Gardens East Out 01,634,-35.7260790187865,137.995577948167,WGS84,GPS,20/01/2016,1/01/1900 9:02:03 AM,Stereo,153,53,770954,6042295,SHolland,BST,Core,18.9
SGEO02_1601,Sponge Gardens East Out 02,635,-35.7257729955017,137.998229898512,WGS84,GPS,20/01/2016,1/01/1900 9:11:43 AM,Stereo,153,53,771195,6042321,SHolland,BST,Core,19
SGEO03_1601,Sponge Gardens East Out 03,636,-35.7256610970944,138.002192527055,WGS84,GPS,20/01/2016,1/01/1900 9:20:47 AM,Stereo,153,54,228842,6042335,SHolland,BST,Core,19
SGEO04_1601,Sponge Gardens East Out 04,637,-35.7260960340499,138.004917986691,WGS84,GPS,20/01/2016,1/01/1900 9:27:44 AM,Stereo,153,54,229090,6042294,SHolland,BST,Core,19
SGWI01_1601,Sponge Gardens West In 01,661,-35.7288585416972,138.012196915224,WGS84,GPS,21/01/2016,1:30:22 PM,Stereo,73,54,229758,6042008,SHolland,BST,Core,19.3
SGWI02_1601,Sponge Gardens West In 02,660,-35.7307157199829,138.015982098877,WGS84,GPS,21/01/2016,1:23:32 PM,Stereo,73,54,230107,6041812,SHolland,BST,Core,19.2
SGWI03_1601,Sponge Gardens West In 03,659,-35.7329538557678,138.020087471231,WGS84,GPS,21/01/2016,1:15:25 PM,Stereo,73,54,230486,6041575,SHolland,BST,Core,19.3
SGWI04_1601,Sponge Gardens West In 04,658,-35.7350702024996,138.021837109699,WGS84,GPS,21/01/2016,1:07:26 PM,Stereo,73,54,230652,6041345,SHolland,BST,Core,19.4
SGWO01_1601,Sponge Gardens West Out 01,643,-35.7156482432037,137.933999877423,WGS84,GPS,20/01/2016,12:54:08 PM,Stereo,201,53,765418,6043620,SHolland,BST,Core,19.9
SGWO02_1601,Sponge Gardens West Out 02,644,-35.715884109959,137.936130976304,WGS84,GPS,20/01/2016,12:58:55 PM,Stereo,201,53,765610,6043588,SHolland,BST,Core,20
SGWO03_1601,Sponge Gardens West Out 03,646,-35.715841948986,137.937979688867,WGS84,GPS,20/01/2016,1:04:50 PM,Stereo,201,53,765777,6043588,SHolland,BST,Core,19.8
SGWO04_1601,Sponge Gardens West Out 04,647,-35.7160201482474,137.940277587622,WGS84,GPS,20/01/2016,1:12:45 PM,Stereo,201,53,765985,6043562,SHolland,BST,Core,19.8
CCNI01_1503,Cape du Couedic A,84,-36.06024,136.72002,GDA94,GPS,27/03/2015,9:27:00 AM,Stereo,77,53,654911,6008001,DColella,BST,Core,NA
CCNI03_1503,Cape du Couedic A,86,-36.05718,136.72335,GDA94,GPS,27/03/2015,9:30:00 AM,Stereo,77,53,655216,6008335,DColella,BST,Core,NA
CCNI04_1503,Cape du Couedic A,101,-36.0555,136.7251,GDA94,GPS,27/03/2015,9:31:00 AM,Stereo,77,53,655377,6008519,DColella,BST,Core,NA
CCEI01_1503,Cape du Couedic B,100,-36.0866,136.7573,GDA94,GPS,27/03/2015,10:04:00 AM,Stereo,77,53,658216,6005017,DColella,BST,Core,NA
CCEI02_1503,Cape du Couedic B,87,-36.08449,136.75765,GDA94,GPS,27/03/2015,10:06:00 AM,Stereo,77,53,658251,6005250,DColella,BST,Core,NA
CCEI03_1503,Cape du Couedic B,88,-36.08253,136.75726,GDA94,GPS,27/03/2015,10:07:00 AM,Stereo,77,53,658220,6005468,DColella,BST,Core,NA
CCCI01_1503,Cape du Couedic C,90,-36.07785,136.74165,GDA94,GPS,27/03/2015,1:26:00 PM,Stereo,77,53,656824,6006013,DColella,BST,Core,NA
CCCI04_1503,Cape du Couedic C,93,-36.07792,136.72516,GDA94,GPS,27/03/2015,1:37:00 PM,Stereo,77,53,655339,6006032,DColella,BST,Core,NA
CCSI01_1503,Cape du Couedic D,94,-36.08212,136.71523,GDA94,GPS,27/03/2015,1:50:00 PM,Stereo,77,53,654436,6005582,DColella,BST,Core,NA
CCSI02_1503,Cape du Couedic D,95,-36.08264,136.71852,GDA94,GPS,27/03/2015,1:52:00 PM,Stereo,77,53,654732,6005519,DColella,BST,Core,NA
CCSI03_1503,Cape du Couedic D,96,-36.0829,136.72183,GDA94,GPS,27/03/2015,1:55:00 PM,Stereo,77,53,655029,6005484,DColella,BST,Core,NA
CCSI04_1503,Cape du Couedic D,97,-36.0833,136.72541,GDA94,GPS,27/03/2015,1:57:00 PM,Stereo,77,53,655351,6005434,DColella,BST,Core,NA
ISDI01_1503,Dog Island,58,-32.50117,133.32629,GDA94,GPS,23/03/2015,9:10:00 AM,Stereo,11,53,342766,6402777,DColella,BST,Core,NA
ISDI02_1503,Dog Island,59,-32.49787,133.32655,GDA94,GPS,23/03/2015,9:12:00 AM,Stereo,11,53,342784,6403143,DColella,BST,Core,NA
ISDI03_1503,Dog Island,60,-32.49524,133.32648,GDA94,GPS,23/03/2015,9:14:00 AM,Stereo,11,53,342773,6403435,DColella,BST,Core,NA
ISEO01_1503,Evans Island,54,-32.37308,133.48834,GDA94,GPS,22/03/2015,11:41:00 AM,Stereo,116,53,357790,6417205,DColella,BST,Core,NA
ISEO03_1503,Evans Island,56,-32.37994,133.4882,GDA94,GPS,22/03/2015,11:47:00 AM,Stereo,116,53,357787,6416445,DColella,BST,Core,NA
ISEO04_1503,Evans Island,57,-32.38347,133.48554,GDA94,GPS,22/03/2015,11:52:00 AM,Stereo,116,53,357543,6416050,DColella,BST,Core,NA
ISFI01_1503,Fenelon Island,38,-32.57256,133.28561,GDA94,GPS,21/03/2015,10:34:00 AM,Stereo,11,53,339071,6394801,DColella,BST,Core,NA
ISFI02_1503,Fenelon Island,39,-32.57402,133.28768,GDA94,GPS,21/03/2015,10:40:00 AM,Stereo,11,53,339268,6394642,DColella,BST,Core,NA
ISFI04_1503,Fenelon Island,41,-32.57903,133.29117,GDA94,GPS,21/03/2015,10:48:00 AM,Stereo,11,53,339604,6394092,DColella,BST,Core,NA
ISRO01_1503,Franklin Islands C,73,-32.45485,133.67367,GDA94,GPS,24/03/2015,8:39:00 AM,Stereo,116,53,375339,6408371,DColella,BST,Core,NA
ISRO02_1503,Franklin Islands C,74,-32.45337,133.67616,GDA94,GPS,24/03/2015,8:47:00 AM,Stereo,116,53,375571,6408538,DColella,BST,Core,NA
ISRO03_1503,Franklin Islands C,75,-32.45272,133.67843,GDA94,GPS,24/03/2015,8:48:00 AM,Stereo,116,53,375783,6408613,DColella,BST,Core,NA
ISRO04_1503,Franklin Islands C,76,-32.452,133.68089,GDA94,GPS,24/03/2015,8:51:00 AM,Stereo,116,53,376013,6408696,DColella,BST,Core,NA
ISFO01_1503,Freeling Island,45,-32.47564,133.33662,GDA94,GPS,21/03/2015,2:44:00 PM,Stereo,114,53,343692,6405623,DColella,BST,Core,NA
ISFO02_1503,Freeling Island,44,-32.4744,133.33893,GDA94,GPS,21/03/2015,2:40:00 PM,Stereo,114,53,343907,6405764,DColella,BST,Core,NA
ISLO01_1503,Lacey Island,50,-32.39202,133.37432,GDA94,GPS,22/03/2015,10:38:00 AM,Stereo,114,53,347094,6414948,DColella,BST,Core,NA
ISLO02_1503,Lacey Island,51,-32.39192,133.36942,GDA94,GPS,22/03/2015,10:42:00 AM,Stereo,114,53,346633,6414952,DColella,BST,Core,NA
ISLO03_1503,Lacey Island,52,-32.39192,133.37149,GDA94,GPS,22/03/2015,10:46:00 AM,Stereo,114,53,346828,6414955,DColella,BST,Core,NA
ISMI01_1503,Massilon Island,34,-32.55123,133.28634,GDA94,GPS,21/03/2015,9:47:00 AM,Stereo,11,53,339101,6397167,DColella,BST,Core,NA
ISMI02_1503,Massilon Island,35,-32.55177,133.28882,GDA94,GPS,21/03/2015,9:49:00 AM,Stereo,11,53,339335,6397111,DColella,BST,Core,NA
ISMI03_1503,Massilon Island,36,-32.55222,133.291,GDA94,GPS,21/03/2015,10:00:00 AM,Stereo,11,53,339541,6397064,DColella,BST,Core,NA
ISMI04_1503,Massilon Island,37,-32.55291,133.2934,GDA94,GPS,21/03/2015,10:06:00 AM,Stereo,11,53,339767,6396991,DColella,BST,Core,NA
ISPI01_1503,Petrel Cove - St Francis Island,62,-32.49106,133.30471,GDA94,GPS,23/03/2015,9:33:00 AM,Stereo,11,53,340720,6403866,DColella,BST,Core,NA
ISPI02_1503,Petrel Cove - St Francis Island,63,-32.48982,133.30282,GDA94,GPS,23/03/2015,9:36:00 AM,Stereo,11,53,340540,6404001,DColella,BST,Core,NA
ISPI03_1503,Petrel Cove - St Francis Island,64,-32.49023,133.2974,GDA94,GPS,23/03/2015,9:40:00 AM,Stereo,11,53,340032,6403947,DColella,BST,Core,NA
ISPI04_1503,Petrel Cove - St Francis Island,65,-32.4901,133.29453,GDA94,GPS,23/03/2015,9:45:00 AM,Stereo,11,53,339762,6403957,DColella,BST,Core,NA
ISSI01_1503,St Francis Island,49,-32.50807,133.31211,GDA94,GPS,21/03/2015,3:33:00 PM,Stereo,11,53,341445,6401991,DColella,BST,Core,NA
ISSI02_1503,St Francis Island,47,-32.51767,133.30823,GDA94,GPS,21/03/2015,3:15:00 PM,Stereo,11,53,341098,6400921,DColella,BST,Core,NA
ISSI03_1503,St Francis Island,48,-32.52035,133.31191,GDA94,GPS,21/03/2015,3:21:00 PM,Stereo,11,53,341448,6400629,DColella,BST,Core,NA
ISSI04_1503,St Francis Island,46,-32.52095,133.30877,GDA94,GPS,21/03/2015,3:10:00 PM,Stereo,11,53,341154,6400558,DColella,BST,Core,NA
PESI01_1503,Pearson Island South In 01,103,-33.9636,134.2747,WGS84,GPS,24/03/2015,8:30:00 AM,Stereo,23,53,432991,6241643,DColella,BST,Core,NA
PESI02_1503,Pearson Island South In 02,77,-33.9624,134.27313,WGS84,GPS,24/03/2015,8:32:00 AM,Stereo,23,53,432845,6241775,DColella,BST,Core,NA
PESI03_1503,Pearson Island South In 03,78,-33.95393,134.27109,WGS84,GPS,24/03/2015,8:39:00 AM,Stereo,23,53,432650,6242713,DColella,BST,Core,NA
PESI04_1503,Pearson Island South In 04,79,-33.95288,134.27346,WGS84,GPS,24/03/2015,8:41:00 AM,Stereo,23,53,432868,6242831,DColella,BST,Core,NA
PENI01_1503,Pearson Island North In 01,80,-33.95114,134.27788,WGS84,GPS,24/03/2015,8:45:00 AM,Stereo,23,53,433275,6243027,DColella,BST,Core,NA
PENI02_1503,Pearson Island North In 02,81,-33.94999,134.27968,WGS84,GPS,24/03/2015,8:46:00 AM,Stereo,23,53,433440,6243155,DColella,BST,Core,NA
PENI03_1503,Pearson Island North In 03,82,-33.9476,134.27831,WGS84,GPS,24/03/2015,8:48:00 AM,Stereo,23,53,433312,6243419,DColella,BST,Core,NA
PENI04_1503,Pearson Island North In 04,83,-33.94562,134.27811,WGS84,GPS,24/03/2015,8:50:00 AM,Stereo,23,53,433292,6243639,DColella,BST,Core,NA
CACI01_1512,Carrickalinga Central In 01,38,-35.3985429999999,138.334878,WGS84,GPS,15/12/2015,1:09:00 PM,Stereo,67,54,257959,6079496,DMiller,BST,Core,20.3
CACI02_1512,Carrickalinga Central In 02,37,-35.397292,138.336586,WGS84,GPS,15/12/2015,1:01:00 PM,Stereo,67,54,258111,6079639,DMiller,BST,Core,20.3
CACI03_1512,Carrickalinga Central In 03,36,-35.395687,138.338242,WGS84,GPS,15/12/2015,12:52:00 PM,Stereo,67,54,258256,6079821,DMiller,BST,Core,20.3
CACI04_1512,Carrickalinga Central In 04,35,-35.394407,138.34008,WGS84,GPS,15/12/2015,12:46:00 PM,Stereo,67,54,258420,6079968,DMiller,BST,Core,20.3
CANI01_1512,Carrickalinga North In 01,34,-35.3890749999999,138.344935999999,WGS84,GPS,15/12/2015,10:53:00 AM,Stereo,67,54,258845,6080571,DMiller,BST,Core,20.2
CANI02_1512,Carrickalinga North In 02,33,-35.388241,138.346695,WGS84,GPS,15/12/2015,10:46:00 AM,Stereo,67,54,259002,6080668,DMiller,BST,Core,20.2
CANI03_1512,Carrickalinga North In 03,42,-35.3877409999999,138.349694,WGS84,GPS,15/12/2015,10:40:00 AM,Stereo,67,54,259273,6080731,DMiller,BST,Core,20.2
CANI04_1512,Carrickalinga North In 04,43,-35.386597,138.35127,WGS84,GPS,15/12/2015,10:33:00 AM,Stereo,67,54,259413,6080862,DMiller,BST,Core,20.2
CASI01_1512,Carrickalinga South In 01,630,-35.405723,138.326065,WGS84,GPS,15/12/2015,3:03:00 PM,Stereo,67,54,257180,6078678,DMiller,BST,Core,20.4
CASI02_1512,Carrickalinga South In 02,629,-35.4040779999999,138.327517,WGS84,GPS,15/12/2015,2:57:00 PM,Stereo,67,54,257307,6078864,DMiller,BST,Core,20.4
CASI03_1512,Carrickalinga South In 03,628,-35.4026039999999,138.329038,WGS84,GPS,15/12/2015,2:52:00 PM,Stereo,67,54,257441,6079032,DMiller,BST,Core,20.4
CANO01_1512,Carrickalinga North Out 01,29,-35.3724789999999,138.375542999999,WGS84,GPS,15/12/2015,9:02:00 AM,Stereo,152,54,261577,6082487,DMiller,BST,Core,20.1
CANO02_1512,Carrickalinga North Out 02,28,-35.371076,138.377733,WGS84,GPS,15/12/2015,8:57:00 AM,Stereo,152,54,261771,6082648,DMiller,BST,Core,20.1
CANO03_1512,Carrickalinga North Out 03,27,-35.3706329999999,138.379896,WGS84,GPS,15/12/2015,8:49:00 AM,Stereo,152,54,261967,6082702,DMiller,BST,Core,20.1
CANO04_1512,Carrickalinga North Out 04,26,-35.3704279999999,138.382285,WGS84,GPS,15/12/2015,8:39:00 AM,Stereo,152,54,262183,6082731,DMiller,BST,Core,20.1
CASO01_1512,Carrickalinga South Out 01,623,-35.416969,138.319364,WGS84,GPS,15/12/2015,1:02:00 PM,Stereo,152,54,256605,6077414,DMiller,BST,Core,19.9
CASO02_1512,Carrickalinga South Out 02,624,-35.415322,138.320692,WGS84,GPS,15/12/2015,1:08:00 PM,Stereo,152,54,256721,6077600,DMiller,BST,Core,19.9
CASO03_1512,Carrickalinga South Out 03,625,-35.413651,138.321712999999,WGS84,GPS,15/12/2015,1:15:00 PM,Stereo,152,54,256809,6077788,DMiller,BST,Core,19.9
CASO04_1512,Carrickalinga South Out 04,626,-35.4119299999999,138.322948,WGS84,GPS,15/12/2015,1:20:00 PM,Stereo,152,54,256916,6077982,DMiller,BST,Core,19.9
RHCI01_1512,Rapid Head Central In 01,17,-35.5301120504735,138.154264055191,WGS84,GPS,14/12/2015,10:44:00 AM,Stereo,68,54,241973,6064441,DMiller,BST,Core,20.6
RHCI02_1512,Rapid Head Central In 02,18,-35.5308557767421,138.152291625738,WGS84,GPS,14/12/2015,10:52:00 AM,Stereo,68,54,241797,6064354,DMiller,BST,Core,20.6
RHCI03_1512,Rapid Head Central In 03,19,-35.5318858288228,138.149413280189,WGS84,GPS,14/12/2015,10:59:00 AM,Stereo,68,54,241539,6064232,DMiller,BST,Core,20.6
RHCI04_1512,Rapid Head Central In 04,25,-35.5334071442484,138.148353556171,WGS84,GPS,14/12/2015,2:02:00 PM,Stereo,68,54,241448,6064060,DMiller,BST,Core,20.6
RHNI01_1512,Rapid Head North In 01,13,-35.5186144262551,138.163179298861,WGS84,GPS,14/12/2015,8:56:00 AM,Stereo,68,54,242745,6065740,DMiller,BST,Core,20
RHNI02_1512,Rapid Head North In 02,14,-35.5202622245996,138.162548057734,WGS84,GPS,14/12/2015,9:05:00 AM,Stereo,68,54,242693,6065556,DMiller,BST,Core,20
RHNI03_1512,Rapid Head North In 03,15,-35.5215169116854,138.160962117835,WGS84,GPS,14/12/2015,9:11:00 AM,Stereo,68,54,242553,6065413,DMiller,BST,Core,20
RHNI04_1512,Rapid Head North In 04,16,-35.52320712246,138.161900388075,WGS84,GPS,14/12/2015,9:27:00 AM,Stereo,68,54,242644,6065227,DMiller,BST,Core,20
RHSI01_1512,Rapid Head South In 01,21,-35.5330898053943,138.140182960777,WGS84,GPS,14/12/2015,12:31:00 PM,Stereo,68,54,240706,6064074,DMiller,BST,Core,19.9
RHSI02_1512,Rapid Head South In 02,22,-35.5347940139471,138.1389604602,WGS84,GPS,14/12/2015,12:40:00 PM,Stereo,68,54,240600,6063882,DMiller,BST,Core,19.9
RHSI03_1512,Rapid Head South In 03,23,-35.5363046005368,138.137003537266,WGS84,GPS,14/12/2015,12:50:00 PM,Stereo,68,54,240428,6063709,DMiller,BST,Core,19.9
RHSI04_1512,Rapid Head South In 04,24,-35.5375431943684,138.136231647804,WGS84,GPS,14/12/2015,12:58:00 PM,Stereo,68,54,240362,6063570,DMiller,BST,Core,19.9
RHCO01_1512,Rapid Head Central Out 01,615,-35.5683671403675,138.117456771433,WGS84,GPS,15/12/2015,9:02:00 AM,Stereo,153,54,238759,6060100,DMiller,BST,Core,19.8
RHCO02_1512,Rapid Head Central Out 02,616,-35.5704362131655,138.117022085934,WGS84,GPS,15/12/2015,9:10:00 AM,Stereo,153,54,238726,6059869,DMiller,BST,Core,19.8
RHCO03_1512,Rapid Head Central Out 03,618,-35.5724045354872,138.116131005808,WGS84,GPS,15/12/2015,9:16:00 AM,Stereo,153,54,238652,6059648,DMiller,BST,Core,19.8
RHCO04_1512,Rapid Head Central Out 04,619,-35.5744426790624,138.11572481878,WGS84,GPS,15/12/2015,9:24:00 AM,Stereo,153,54,238622,6059421,DMiller,BST,Core,19.8
RHNO01_1512,Rapid Head North Out 01,614,-35.5538446549325,138.127988800406,WGS84,GPS,14/12/2015,3:16:00 PM,Stereo,153,54,239667,6061739,DMiller,BST,Core,19.7
RHNO02_1512,Rapid Head North Out 02,613,-35.5550806503742,138.126237150281,WGS84,GPS,14/12/2015,2:10:00 PM,Stereo,153,54,239512,6061597,DMiller,BST,Core,19.7
RHNO03_1512,Rapid Head North Out 03,611,-35.558220008388,138.124351389705,WGS84,GPS,14/12/2015,2:03:00 PM,Stereo,153,54,239351,6061244,DMiller,BST,Core,19.7
RHNO04_1512,Rapid Head North Out 04,610,-35.5600123945623,138.122758492826,WGS84,GPS,14/12/2015,1:57:00 PM,Stereo,153,54,239212,6061041,DMiller,BST,Core,19.7
RHSO01_1512,Rapid Head South Out 01,603,-35.5956172943115,138.095941096544,WGS84,GPS,14/12/2015,10:48:00 AM,Stereo,153,54,236898,6057019,DMiller,BST,Core,19.6
RHSO02_1512,Rapid Head South Out 02,621,-35.5968444049358,138.093386124819,WGS84,GPS,14/12/2015,10:58:00 AM,Stereo,153,54,236670,6056876,DMiller,BST,Core,19.6
RHSO03_1512,Rapid Head South Out 03,620,-35.5956425238399,138.095980994402,WGS84,GPS,14/12/2015,1:26:00 PM,Stereo,153,54,236901,6057016,DMiller,BST,Core,19.6
RHSO04_1512,Rapid Head South Out 04,598,-35.5991014000028,138.091347478329,WGS84,GPS,14/12/2015,9:22:00 AM,Stereo,153,54,236493,6056620,DMiller,BST,Core,19.6
BSCI01_1605,Bay of Shoals Central In 01,728,-35.5938769999999,137.611647,WGS84,GPS,25/05/2016,11:53:00 AM,Stereo,71,53,736609,6057955,Dcolella,BST,Core,15
BSCI02_1605,Bay of Shoals Central In 02,729,-35.594177,137.609469999999,WGS84,GPS,25/05/2016,11:56:00 AM,Stereo,71,53,736410,6057927,Dcolella,BST,Core,15
BSCI03_1605,Bay of Shoals Central In 03,731,-35.596012,137.604838,WGS84,GPS,25/05/2016,12:17:00 PM,Stereo,71,53,735985,6057734,Dcolella,BST,Core,15
BSCI04_1605,Bay of Shoals Central In 04,730,-35.5948769999999,137.607012999999,WGS84,GPS,25/05/2016,12:25:00 PM,Stereo,71,53,736186,6057855,Dcolella,BST,Core,15
BSEI01_1605,Bay of Shoals East In 01,738,-35.599322,137.622446,WGS84,GPS,26/05/2016,9:33:00 AM,Stereo,71,53,737571,6057324,Dcolella,BST,Core,15
BSEI02_1605,Bay of Shoals East In 02,737,-35.601247,137.622351,WGS84,GPS,26/05/2016,9:29:00 AM,Stereo,71,53,737557,6057111,Dcolella,BST,Core,15
BSEI03_1605,Bay of Shoals East In 03,723,-35.6048309999999,137.621724,WGS84,GPS,26/05/2016,9:18:00 AM,Stereo,71,53,737489,6056715,Dcolella,BST,Core,15
BSEI04_1605,Bay of Shoals East In 04,724,-35.6028939999999,137.621905,WGS84,GPS,26/05/2016,9:24:00 AM,Stereo,71,53,737511,6056929,Dcolella,BST,Core,15
BSWI01_1605,Bay of Shoals West In 01,735,-35.605853,137.589150999999,WGS84,GPS,25/05/2016,1:49:00 PM,Stereo,71,53,734535,6056680,Dcolella,BST,Core,15
BSWI02_1605,Bay of Shoals West In 02,734,-35.60403,137.591287999999,WGS84,GPS,25/05/2016,1:46:00 PM,Stereo,71,53,734734,6056877,Dcolella,BST,Core,15
BSWI03_1605,Bay of Shoals West In 03,733,-35.602452,137.593433,WGS84,GPS,25/05/2016,1:22:00 PM,Stereo,71,53,734933,6057047,Dcolella,BST,Core,15
BSWI04_1605,Bay of Shoals West In 04,732,-35.6017599999999,137.595513,WGS84,GPS,25/05/2016,1:20:00 PM,Stereo,71,53,735123,6057119,Dcolella,BST,Core,15
BSCO01_1605,Bay of Shoals Central Out 01,713,-35.640698,137.657267999999,WGS84,GPS,24/05/2016,11:25:00 AM,Stereo,153,53,740602,6052649,Dcolella,BST,Core,15
BSCO02_1605,Bay of Shoals Central Out 02,714,-35.641691,137.659613,WGS84,GPS,24/05/2016,11:21:00 AM,Stereo,153,53,740812,6052533,Dcolella,BST,Core,15
BSCO03_1605,Bay of Shoals Central Out 03,715,-35.6390669999999,137.660417999999,WGS84,GPS,24/05/2016,11:16:00 AM,Stereo,153,53,740892,6052822,Dcolella,BST,Core,15
BSCO04_1605,Bay of Shoals Central Out 04,716,-35.637948,137.662284,WGS84,GPS,24/05/2016,11:12:00 AM,Stereo,153,53,741065,6052942,Dcolella,BST,Core,15
BSEO01_1605,Bay of Shoals East Out 01,722,-35.658866,137.677495999999,WGS84,GPS,24/05/2016,1:17:00 PM,Stereo,153,53,742379,6050584,Dcolella,BST,Core,17
BSEO02_1605,Bay of Shoals East Out 02,721,-35.6567009999999,137.677577,WGS84,GPS,24/05/2016,1:12:00 PM,Stereo,153,53,742393,6050824,Dcolella,BST,Core,17
BSEO03_1605,Bay of Shoals East Out 03,720,-35.6550969999999,137.679348,WGS84,GPS,24/05/2016,1:08:00 PM,Stereo,153,53,742558,6050997,Dcolella,BST,Core,17
BSEO04_1605,Bay of Shoals East Out 04,719,-35.6530589999999,137.679958,WGS84,GPS,24/05/2016,1:05:00 PM,Stereo,153,53,742620,6051222,Dcolella,BST,Core,17
BSWO01_1605,Bay of Shoals West Out 01,708,-35.645032,137.646028,WGS84,GPS,24/05/2016,9:24:00 AM,Stereo,153,53,739571,6052196,Dcolella,BST,Core,16
BSWO02_1605,Bay of Shoals West Out 02,709,-35.6466339999999,137.646625,WGS84,GPS,24/05/2016,9:29:00 AM,Stereo,153,53,739621,6052017,Dcolella,BST,Core,16
BSWO03_1605,Bay of Shoals West Out 03,712,-35.6483539999999,137.646290999999,WGS84,GPS,24/05/2016,9:35:00 AM,Stereo,153,53,739585,6051827,Dcolella,BST,Core,16
BSWO04_1605,Bay of Shoals West Out 04,710,-35.6432909999999,137.646424999999,WGS84,GPS,24/05/2016,9:43:00 AM,Stereo,153,53,739613,6052388,Dcolella,BST,Core,16
WCCO01_1605,Western Cove Central Out 01,744,-35.6710599999999,137.622128,WGS84,GPS,26/05/2016,12:52:00 PM,Stereo,153,53,737330,6049366,Dcolella,BST,Core,15
WCCO02_1605,Western Cove Central Out 02,743,-35.6691829999999,137.623141,WGS84,GPS,26/05/2016,12:49:00 PM,Stereo,153,53,737427,6049572,Dcolella,BST,Core,15
WCCO03_1605,Western Cove Central Out 03,745,-35.672831,137.621175999999,WGS84,GPS,26/05/2016,12:54:00 PM,Stereo,153,53,737238,6049172,Dcolella,BST,Core,15
WCCO04_1605,Western Cove Central Out 04,746,-35.674678,137.620226,WGS84,GPS,26/05/2016,12:57:00 PM,Stereo,153,53,737147,6048969,Dcolella,BST,Core,15
WCNO01_1605,Western Cove North Out 01,739,-35.659562,137.637532999999,WGS84,GPS,26/05/2016,11:15:00 AM,Stereo,153,53,738759,6050605,Dcolella,BST,Core,15
WCNO02_1605,Western Cove North Out 02,740,-35.6610859999999,137.6353,WGS84,GPS,26/05/2016,11:18:00 AM,Stereo,153,53,738552,6050441,Dcolella,BST,Core,15
WCNO03_1605,Western Cove North Out 03,742,-35.662702,137.631057,WGS84,GPS,26/05/2016,11:23:00 AM,Stereo,153,53,738163,6050272,Dcolella,BST,Core,15
WCNO04_1605,Western Cove North Out 04,741,-35.66198,137.633355999999,WGS84,GPS,26/05/2016,11:21:00 AM,Stereo,153,53,738373,6050346,Dcolella,BST,Core,15
WCSO01_1605,Western Cove South Out 01,747,-35.68159,137.613127999999,WGS84,GPS,26/05/2016,2:27:00 PM,Stereo,153,53,736484,6048220,Dcolella,BST,Core,NA
WCSO02_1605,Western Cove South Out 02,748,-35.683542,137.612997,WGS84,GPS,26/05/2016,2:29:00 PM,Stereo,153,53,736466,6048003,Dcolella,BST,Core,NA
WCSO03_1605,Western Cove South Out 03,749,-35.6855509999999,137.612392,WGS84,GPS,26/05/2016,2:32:00 PM,Stereo,153,53,736406,6047782,Dcolella,BST,Core,NA
